Seller_ID,Name,City,Locality,Latitude,Longitude,Product,Price_per_kg,Rating,Stock_quantity,Verified
SELL0001,Nitin Shinde,Pune,Viman Nagar,18.56942358626618,73.91347591324562,Garlic,38.47,3.1,92,Yes
SELL0002,Mahesh Chavan,Pune,Kothrud,18.510280134386193,73.80636682159322,Ginger,56.03,4.8,214,Yes
SELL0003,Shivam Joshi,Pune,Koregaon Park,18.536778779362237,73.89321342898765,Onions,31.32,3.9,89,No
SELL0004,Deepak Bhosale,Pune,Viman Nagar,18.568399548646468,73.9126912316327,Garlic,38.92,3.1,393,Yes
SELL0005,Santosh Joshi,Pune,Viman Nagar,18.56962872586421,73.9160222844368,Garlic,44.98,2.6,258,No
SELL0006,Ashok Joshi,Pune,Shivajinagar,18.531545311276343,73.8490461998331,Green Chillies,39.99,4.7,90,No
SELL0007,Ajay Yadav,Pune,Baner,18.559314010573235,73.78475548783659,Onions,34.44,3.0,254,Yes
SELL0008,Anil Naik,Pune,Koregaon Park,18.538105711997236,73.89345025380418,Garlic,46.6,3.7,476,Yes
SELL0009,Ganesh Jadhav,Pune,Kothrud,18.50844312277668,73.80798157660973,Potatoes,19.74,3.3,100,Yes
SELL0010,Amit Rathod,Pune,Hadapsar,18.4956742522712,73.9497807288297,Green Chillies,31.06,3.5,203,Yes
SELL0011,Ashok Rathod,Pune,Kharadi,18.55233640152117,73.95307951655454,Potatoes,55.75,4.4,351,No
SELL0012,Ashok Salunkhe,Pune,Shivajinagar,18.530255506841627,73.84822029622617,Tomatoes,39.35,2.8,391,Yes
SELL0013,Mahesh Rathod,Pune,Kharadi,18.554373559549564,73.95631116914477,Potatoes,37.42,4.7,361,No
SELL0014,Santosh Bhosale,Pune,Shivajinagar,18.532127206619563,73.84803593309003,Potatoes,20.72,4.6,489,Yes
SELL0015,Suresh Bhosale,Pune,Shivajinagar,18.530638923038374,73.84562322726588,Onions,46.98,3.3,489,Yes
SELL0016,Nitin Naik,Pune,Viman Nagar,18.5674573389202,73.91277930040955,Tomatoes,17.23,3.0,87,Yes
SELL0017,Rajesh Chavan,Pune,Kothrud,18.510327599002274,73.80920287598316,Green Chillies,48.39,4.3,54,Yes
SELL0018,Ravi Rane,Pune,Koregaon Park,18.537591023328947,73.89260031167287,Tomatoes,59.59,4.7,162,Yes
SELL0019,Vijay Patil,Pune,Kharadi,18.551259855526567,73.95379802399368,Garlic,42.98,4.9,330,No
SELL0020,Mahesh Shinde,Pune,Baner,18.55825406110815,73.78443876094086,Potatoes,47.92,4.2,58,No
SELL0021,Vijay Kulkarni,Pune,Wakad,18.59726314043936,73.76455117965904,Ginger,37.7,4.9,492,Yes
SELL0022,Kiran Shinde,Pune,Shivajinagar,18.531721469060155,73.84630528509422,Onions,15.1,3.0,214,No
SELL0023,Prakash Sawant,Pune,Shivajinagar,18.529178147231686,73.84839839346489,Garlic,50.44,4.8,166,Yes
SELL0024,Ganesh Thakur,Pune,Shivajinagar,18.531999783339135,73.84800296690872,Green Chillies,14.19,3.1,424,No
SELL0025,Deepak Chavan,Pune,Wakad,18.596343786285036,73.76401264494054,Ginger,21.23,4.6,99,No
SELL0026,Ramesh Deshmukh,Pune,Wakad,18.597991007940323,73.76405556036204,Garlic,12.09,3.3,426,No
SELL0027,Santosh Shinde,Pune,Hadapsar,18.496451318285775,73.94995301964178,Onions,53.26,4.0,371,Yes
SELL0028,Kiran More,Pune,Wakad,18.595351453301454,73.76141925195273,Tomatoes,29.67,3.6,435,No
SELL0029,Kiran Deshmukh,Pune,Hadapsar,18.49722118465347,73.94740980203252,Ginger,22.98,2.7,296,Yes
SELL0030,Ravi Thakur,Pune,Kharadi,18.55201695998349,73.95410822496719,Garlic,12.07,4.1,193,No
SELL0031,Anil Rane,Pune,Shivajinagar,18.532658511153613,73.8491276835656,Ginger,55.38,3.3,164,Yes
SELL0032,Ravi Sawant,Pune,Shivajinagar,18.529526827918282,73.84938235182463,Onions,10.74,3.4,205,No
SELL0033,Mahesh Chavan,Pune,Aundh,18.55956752267105,73.80858198281133,Onions,14.86,3.0,343,No
SELL0034,Mahesh Joshi,Pune,Koregaon Park,18.53643275017915,73.89452399502709,Tomatoes,24.66,4.9,62,No
SELL0035,Sunil Sharma,Pune,Kothrud,18.509201438199174,73.80779905320874,Onions,29.87,4.0,387,Yes
SELL0036,Deepak Joshi,Pune,Shivajinagar,18.532487009274732,73.84785592307752,Tomatoes,30.62,3.5,424,No
SELL0037,Ajay Shinde,Pune,Hadapsar,18.49781120780336,73.94697153964223,Ginger,41.99,3.4,289,No
SELL0038,Shivam Rane,Pune,Wakad,18.59877890706646,73.76256906574964,Green Chillies,57.81,4.6,443,No
SELL0039,Sunil Kamble,Pune,Shivajinagar,18.528839987958392,73.84894818903645,Onions,42.63,4.2,418,Yes
SELL0040,Suresh Joshi,Pune,Aundh,18.55718884881605,73.80738810309704,Potatoes,50.34,3.4,58,Yes
SELL0041,Ajay Rathod,Pune,Shivajinagar,18.531801894573803,73.84634112180167,Onions,12.68,2.6,50,Yes
SELL0042,Nitin Naik,Pune,Swargate,18.501628952485984,73.85724312200172,Green Chillies,51.95,2.7,109,Yes
SELL0043,Nitin Joshi,Pune,Swargate,18.50122510925646,73.85722339998726,Garlic,21.82,3.6,11,Yes
SELL0044,Shivam Patil,Pune,Shivajinagar,18.53106985194747,73.84769876103996,Potatoes,33.56,4.8,33,No
SELL0045,Santosh Thakur,Pune,Wakad,18.598688053000885,73.76388395254997,Green Chillies,42.22,4.3,320,No
SELL0046,Kiran Bhosale,Pune,Kharadi,18.55145005436457,73.95370833374577,Potatoes,45.03,3.7,292,Yes
SELL0047,Rajesh Sawant,Pune,Aundh,18.55670520686407,73.80677933519276,Green Chillies,20.4,2.7,90,No
SELL0048,Santosh Joshi,Pune,Shivajinagar,18.530551206830687,73.8477678685795,Tomatoes,50.74,4.6,431,No
SELL0049,Ajay Rathod,Pune,Swargate,18.50327199539716,73.85965445986199,Tomatoes,16.87,4.1,217,No
SELL0050,Shivam Rathod,Pune,Aundh,18.557900414875245,73.80843807809397,Green Chillies,29.57,4.3,167,No
SELL0051,Rajesh More,Pune,Wakad,18.59525458626178,73.76493584041042,Garlic,31.2,3.5,398,No
SELL0052,Ganesh Gaikwad,Pune,Wakad,18.597574663133287,73.76371823005373,Onions,54.4,3.6,176,No
SELL0053,Prakash Rane,Pune,Kharadi,18.55276772053796,73.95573386267078,Ginger,47.88,3.6,377,Yes
SELL0054,Dinesh Patil,Pune,Viman Nagar,18.567404176402032,73.91387162230045,Onions,14.26,2.9,178,Yes
SELL0055,Shivam Salunkhe,Pune,Shivajinagar,18.5306440408598,73.84869759312372,Garlic,11.97,3.7,161,Yes
SELL0056,Anil Shinde,Pune,Kharadi,18.554289851607223,73.953657859873,Ginger,30.98,3.8,269,Yes
SELL0057,Nitin Naik,Pune,Kharadi,18.554438728140553,73.95611575793875,Ginger,32.98,3.7,308,No
SELL0058,Ashok Sharma,Pune,Kharadi,18.553024229981197,73.95471208752917,Green Chillies,13.07,3.5,39,Yes
SELL0059,Sunil Kulkarni,Pune,Kharadi,18.55164891940633,73.95460498390469,Onions,18.99,2.5,368,Yes
SELL0060,Ramesh Bhosale,Pune,Kharadi,18.55297487682685,73.95554649722769,Green Chillies,37.01,3.8,286,Yes
SELL0061,Ajay Rathod,Pune,Hadapsar,18.49749743588478,73.94762565969044,Onions,16.92,4.0,221,Yes
SELL0062,Anil Rathod,Pune,Shivajinagar,18.532459119646727,73.84681640382048,Potatoes,29.5,3.2,421,Yes
SELL0063,Deepak Thakur,Pune,Hadapsar,18.494894589049057,73.94882447699453,Ginger,24.2,4.3,244,No
SELL0064,Suresh Thakur,Pune,Kothrud,18.510962500277707,73.8079642158637,Green Chillies,54.62,2.6,82,No
SELL0065,Ganesh Rathod,Pune,Kothrud,18.507848062909733,73.8066102802285,Tomatoes,13.44,3.3,47,No
SELL0066,Prakash Deshmukh,Pune,Swargate,18.503147511409672,73.8605002418846,Potatoes,13.7,5.0,273,Yes
SELL0067,Ravi Pawar,Pune,Shivajinagar,18.53012823190092,73.84835004362613,Green Chillies,20.01,4.7,366,Yes
SELL0068,Ganesh Joshi,Pune,Viman Nagar,18.567588028342655,73.91560168866627,Green Chillies,14.59,4.6,92,Yes
SELL0069,Mahesh More,Pune,Wakad,18.598861466728323,73.7633187546372,Potatoes,42.77,3.8,149,Yes
SELL0070,Prakash More,Pune,Koregaon Park,18.536102575438807,73.89441397312179,Tomatoes,37.6,4.7,25,Yes
SELL0071,Dinesh Naik,Pune,Wakad,18.599026356486082,73.76419889189698,Garlic,52.45,2.7,49,No
SELL0072,Rajesh Kulkarni,Pune,Shivajinagar,18.531357775049358,73.84911724398383,Ginger,45.16,3.3,390,No
SELL0073,Arvind Chavan,Pune,Baner,18.55719961366307,73.78759986603566,Onions,35.65,2.9,73,Yes
SELL0074,Mahesh Deshmukh,Pune,Kothrud,18.508276199347407,73.80933907710497,Tomatoes,45.28,5.0,2,Yes
SELL0075,Deepak Jadhav,Pune,Swargate,18.5015649320263,73.85924480409837,Green Chillies,23.06,4.3,424,No
SELL0076,Mahesh Bhosale,Pune,Koregaon Park,18.535870211513757,73.89319086854877,Onions,52.72,4.2,334,No
SELL0077,Vijay Patil,Pune,Koregaon Park,18.535137082571445,73.892660346759,Potatoes,23.66,4.0,7,No
SELL0078,Amit Kulkarni,Pune,Swargate,18.503694007515332,73.86007686786654,Ginger,20.65,3.6,236,Yes
SELL0079,Dinesh Kamble,Pune,Shivajinagar,18.530114127400257,73.84618459700424,Green Chillies,36.36,2.9,461,No
SELL0080,Deepak Salunkhe,Pune,Hadapsar,18.497182517123843,73.94893638795978,Ginger,32.09,4.8,238,Yes
SELL0081,Ajay Chavan,Pune,Hadapsar,18.494769707334786,73.94729415931737,Green Chillies,31.54,2.9,287,No
SELL0082,Mahesh Sharma,Pune,Kharadi,18.552240699013442,73.95576913576905,Onions,51.46,3.5,398,Yes
SELL0083,Ramesh Gaikwad,Pune,Shivajinagar,18.531823452124776,73.8468968850911,Onions,25.22,3.3,409,Yes
SELL0084,Amit Kulkarni,Pune,Swargate,18.500073430504216,73.85902758058171,Ginger,37.82,4.5,211,Yes
SELL0085,Rajesh More,Pune,Baner,18.558839453819296,73.78492592599045,Potatoes,20.32,5.0,209,No
SELL0086,Vijay More,Pune,Kothrud,18.50913227808571,73.80846744895831,Potatoes,46.62,4.8,445,Yes
SELL0087,Rajesh Rane,Pune,Koregaon Park,18.536842680859,73.89529933106058,Green Chillies,57.12,3.8,214,No
SELL0088,Anil Rane,Pune,Aundh,18.558685563600026,73.80664935527184,Green Chillies,22.97,2.8,372,Yes
SELL0089,Ramesh Kamble,Pune,Hadapsar,18.49523631843662,73.95054589197235,Potatoes,49.36,3.7,277,No
SELL0090,Prakash Jadhav,Pune,Aundh,18.55728318960885,73.80729747639117,Potatoes,50.97,2.7,137,No
SELL0091,Shivam Thakur,Pune,Aundh,18.557736807846094,73.80868386063881,Garlic,55.81,3.0,49,Yes
SELL0092,Shivam Yadav,Pune,Aundh,18.559587898684544,73.8090470715731,Onions,36.14,4.2,476,No
SELL0093,Mahesh Patil,Pune,Kharadi,18.554015358594953,73.95587335842379,Onions,55.63,3.8,438,No
SELL0094,Anil Gaikwad,Pune,Viman Nagar,18.568987365313603,73.9157449989663,Potatoes,35.07,4.8,287,No
SELL0095,Shivam Rathod,Pune,Wakad,18.598974181321807,73.76166014345215,Potatoes,36.29,2.8,432,Yes
SELL0096,Arvind Sharma,Pune,Hadapsar,18.497575906479224,73.94892050012265,Green Chillies,10.99,4.7,328,No
SELL0097,Deepak Kamble,Pune,Hadapsar,18.497554009757597,73.94938961896855,Ginger,15.99,4.5,359,No
SELL0098,Ravi Salunkhe,Pune,Hadapsar,18.49815033453882,73.94895693261653,Tomatoes,49.88,3.5,420,Yes
SELL0099,Vijay Sawant,Pune,Shivajinagar,18.52891760406851,73.84862354213928,Green Chillies,27.72,4.3,374,No
SELL0100,Anil Patil,Pune,Swargate,18.500721831356326,73.85900075537911,Onions,57.77,3.2,198,Yes
SELL0101,Ajay More,Pune,Shivajinagar,18.53188787056749,73.84713349073685,Tomatoes,14.28,3.6,8,No
SELL0102,Vijay Kulkarni,Pune,Viman Nagar,18.567489877813223,73.91426808222677,Tomatoes,45.23,3.1,464,Yes
SELL0103,Vijay Pawar,Pune,Swargate,18.50264993203539,73.85857025095086,Garlic,48.27,4.8,390,No
SELL0104,Sunil More,Pune,Viman Nagar,18.5682932054894,73.91415614697921,Ginger,59.37,3.9,243,Yes
SELL0105,Santosh Shinde,Pune,Kothrud,18.510053572598075,73.80629332213684,Garlic,31.36,3.6,112,No
SELL0106,Kiran Rane,Pune,Aundh,18.559561537263097,73.80588278976386,Onions,13.98,4.0,47,Yes
SELL0107,Ajay Gaikwad,Pune,Kharadi,18.55389941747796,73.9547028185304,Green Chillies,13.6,4.2,337,Yes
SELL0108,Sunil Yadav,Pune,Shivajinagar,18.530745245954197,73.84680117299852,Tomatoes,56.55,2.6,65,Yes
SELL0109,Amit Gaikwad,Pune,Aundh,18.559702421619782,73.80619523708519,Garlic,36.55,4.7,458,Yes
SELL0110,Ajay Salunkhe,Pune,Viman Nagar,18.566084428451063,73.91471245088027,Green Chillies,16.64,3.8,346,No
SELL0111,Prakash Rane,Pune,Aundh,18.558990343796037,73.80716507247189,Tomatoes,46.97,4.3,264,No
SELL0112,Rajesh Shinde,Pune,Kharadi,18.551341519369974,73.9555208604451,Garlic,45.37,3.3,483,No
SELL0113,Amit Patil,Pune,Shivajinagar,18.530090695640684,73.84585212427851,Potatoes,56.25,4.3,79,No
SELL0114,Santosh Rathod,Pune,Koregaon Park,18.53762240345204,73.89227576386905,Green Chillies,27.72,3.3,499,Yes
SELL0115,Sunil Rane,Pune,Kothrud,18.508207157052922,73.80605110788738,Ginger,58.84,4.2,84,No
SELL0116,Deepak Shinde,Pune,Shivajinagar,18.530599814837654,73.84918591501896,Tomatoes,24.43,2.6,259,No
SELL0117,Suresh Rane,Pune,Kothrud,18.510139168663823,73.80779729246792,Garlic,34.12,4.0,176,No
SELL0118,Suresh Jadhav,Pune,Viman Nagar,18.566130617017954,73.91460445832597,Ginger,57.71,2.8,73,Yes
SELL0119,Shivam Chavan,Pune,Baner,18.55956171460801,73.78773282310499,Tomatoes,29.61,3.5,484,No
SELL0120,Kiran Gaikwad,Pune,Kothrud,18.507718569471198,73.80796952403182,Ginger,30.91,4.7,71,Yes
SELL0121,Kiran Patil,Pune,Viman Nagar,18.56879524277613,73.91596785029277,Green Chillies,44.25,3.8,335,No
SELL0122,Vijay Rane,Pune,Kharadi,18.55160369266222,73.95254766406784,Onions,29.02,3.0,134,Yes
SELL0123,Anil Kulkarni,Pune,Swargate,18.503592849372065,73.85701077463784,Garlic,46.65,4.7,132,Yes
SELL0124,Ashok Bhosale,Pune,Shivajinagar,18.53000826103876,73.84631677816944,Onions,14.0,3.1,255,No
SELL0125,Suresh Thakur,Pune,Wakad,18.595932774441483,73.76329049166965,Potatoes,48.14,3.8,59,No
SELL0126,Ravi Deshmukh,Pune,Baner,18.55983652532511,73.78705897123342,Green Chillies,39.52,4.8,335,Yes
SELL0127,Ganesh Gaikwad,Pune,Swargate,18.499928514466262,73.85683732457048,Potatoes,18.71,2.7,140,Yes
SELL0128,Dinesh More,Pune,Wakad,18.597291884812606,73.7645269945674,Garlic,57.7,4.6,137,Yes
SELL0129,Anil Kulkarni,Pune,Aundh,18.560194415988136,73.80745851085425,Tomatoes,29.89,4.9,419,No
SELL0130,Vijay Naik,Pune,Baner,18.55901938548674,73.78429683857514,Onions,45.37,3.3,178,Yes
SELL0131,Amit Sharma,Pune,Shivajinagar,18.530675575866663,73.84644518974608,Green Chillies,52.62,3.9,403,No
SELL0132,Deepak Yadav,Pune,Kharadi,18.55125690190332,73.95298736365886,Garlic,58.3,5.0,487,Yes
SELL0133,Ajay Thakur,Pune,Wakad,18.597063274606388,73.76181348648315,Onions,26.74,5.0,199,No
SELL0134,Sunil More,Pune,Swargate,18.503509683458883,73.8579555803855,Potatoes,44.61,4.5,492,Yes
SELL0135,Dinesh Chavan,Pune,Koregaon Park,18.53771403207455,73.89372051213853,Onions,58.11,3.5,198,No
SELL0136,Ramesh Sharma,Pune,Koregaon Park,18.535220879767003,73.89306494682072,Garlic,41.33,4.5,285,Yes
SELL0137,Ramesh Bhosale,Pune,Hadapsar,18.49558592297797,73.94752783805242,Tomatoes,17.12,3.9,107,Yes
SELL0138,Ganesh Shinde,Pune,Hadapsar,18.49748645559927,73.9488782187404,Garlic,15.68,2.6,177,Yes
SELL0139,Amit Bhosale,Pune,Kharadi,18.551485391606697,73.95541144962273,Green Chillies,11.31,4.2,253,Yes
SELL0140,Ajay Thakur,Pune,Kharadi,18.55277460719649,73.95595226339536,Green Chillies,53.15,3.6,490,No
SELL0141,Suresh Chavan,Pune,Viman Nagar,18.56721872111858,73.91265153641349,Green Chillies,25.85,4.0,286,Yes
SELL0142,Santosh Rane,Pune,Shivajinagar,18.531327966920223,73.84915597557381,Green Chillies,32.56,3.5,123,Yes
SELL0143,Deepak Rathod,Pune,Shivajinagar,18.531620939124565,73.84854575375955,Tomatoes,44.15,2.9,377,No
SELL0144,Amit Deshmukh,Pune,Kothrud,18.508467510935763,73.80916004803606,Onions,30.27,4.8,350,Yes
SELL0145,Ashok Chavan,Pune,Koregaon Park,18.537489106369545,73.89287899300389,Green Chillies,35.51,3.2,282,Yes
SELL0146,Ravi Jadhav,Pune,Baner,18.560711934749474,73.78612051364672,Potatoes,39.21,2.7,351,No
SELL0147,Mahesh Chavan,Pune,Baner,18.5596290341842,73.78535374305625,Ginger,23.09,4.7,245,Yes
SELL0148,Prakash Jadhav,Pune,Hadapsar,18.49752521395061,73.94929959460411,Potatoes,41.77,4.5,237,Yes
SELL0149,Nitin Joshi,Pune,Aundh,18.559479732879222,73.80596373788536,Ginger,19.09,4.1,283,No
SELL0150,Dinesh Rane,Pune,Koregaon Park,18.53712242048951,73.89472719186,Ginger,53.59,3.1,358,No
SELL0151,Anil More,Pune,Wakad,18.595403497948045,73.76187587443226,Potatoes,30.33,4.8,412,Yes
SELL0152,Suresh Pawar,Pune,Wakad,18.598981256118932,73.76276675004898,Green Chillies,51.01,4.1,272,Yes
SELL0153,Deepak Kulkarni,Pune,Shivajinagar,18.530646230946818,73.84923649478475,Garlic,33.37,3.0,188,Yes
SELL0154,Santosh Thakur,Pune,Shivajinagar,18.52930243133281,73.84739158558514,Potatoes,44.45,2.9,441,No
SELL0155,Ramesh Thakur,Pune,Shivajinagar,18.529249896803517,73.84610176845537,Garlic,40.87,4.2,379,Yes
SELL0156,Ramesh Jadhav,Pune,Kharadi,18.551872010171653,73.95404536573578,Garlic,25.74,4.6,155,Yes
SELL0157,Ganesh More,Pune,Aundh,18.556676256428183,73.80795849601273,Onions,34.96,3.0,397,Yes
SELL0158,Ashok Sharma,Pune,Hadapsar,18.49562739626147,73.94800987550904,Potatoes,49.92,4.2,59,No
SELL0159,Nitin Patil,Pune,Hadapsar,18.49695375275691,73.94917604639652,Green Chillies,37.75,3.4,83,No
SELL0160,Prakash Joshi,Pune,Koregaon Park,18.535757082708592,73.89325844279452,Tomatoes,30.1,4.9,14,No
SELL0161,Ashok More,Pune,Hadapsar,18.4954722751818,73.94898279243748,Potatoes,15.05,3.6,351,No
SELL0162,Arvind Rane,Pune,Viman Nagar,18.566094463396578,73.9142511091854,Onions,57.72,2.9,365,Yes
SELL0163,Ajay Bhosale,Pune,Kothrud,18.50786294120123,73.80901183334271,Green Chillies,24.07,2.6,319,Yes
SELL0164,Ganesh Sharma,Pune,Viman Nagar,18.56597718459299,73.91409819033268,Potatoes,20.74,4.9,490,Yes
SELL0165,Dinesh Kamble,Pune,Baner,18.55869071830555,73.7859600764401,Garlic,31.84,4.2,465,Yes
SELL0166,Ganesh Thakur,Pune,Kothrud,18.50882893705001,73.80615892773474,Ginger,10.56,3.8,225,No
SELL0167,Rajesh Patil,Pune,Aundh,18.558259872116345,73.80931959625889,Ginger,46.41,2.8,173,No
SELL0168,Ajay Gaikwad,Pune,Aundh,18.557476611068413,73.808301231645,Onions,59.59,4.5,216,No
SELL0169,Mahesh Jadhav,Pune,Hadapsar,18.49624221914268,73.94750470898991,Tomatoes,49.79,4.1,218,Yes
SELL0170,Suresh Patil,Pune,Baner,18.559815074980584,73.78492393430773,Ginger,34.9,3.1,165,No
SELL0171,Suresh Thakur,Pune,Kothrud,18.50998125193722,73.80880284989567,Ginger,15.15,3.3,342,No
SELL0172,Deepak Joshi,Pune,Wakad,18.596980194973654,73.76364671838601,Onions,34.4,4.3,431,Yes
SELL0173,Ajay Patil,Pune,Aundh,18.55970023789691,73.80908512157808,Green Chillies,33.52,3.3,101,Yes
SELL0174,Sunil Sawant,Pune,Viman Nagar,18.56812347890845,73.91319123281268,Potatoes,45.54,3.8,121,No
SELL0175,Vijay Shinde,Pune,Kothrud,18.50751376259395,73.8093624042621,Ginger,56.15,3.9,369,Yes
SELL0176,Amit More,Pune,Wakad,18.596030068786852,73.76336000234043,Garlic,23.51,2.9,116,No
SELL0177,Prakash Thakur,Pune,Shivajinagar,18.530148823851935,73.84610507654196,Green Chillies,38.55,3.7,340,No
SELL0178,Vijay Kamble,Pune,Swargate,18.50093497324991,73.86005040359268,Potatoes,38.59,3.7,353,No
SELL0179,Kiran Gaikwad,Pune,Baner,18.55898251014521,73.7851800674814,Green Chillies,20.76,3.4,9,Yes
SELL0180,Arvind Yadav,Pune,Swargate,18.503011076206732,73.85738482757368,Potatoes,29.13,2.5,239,No
SELL0181,Vijay Yadav,Pune,Swargate,18.503298922560607,73.85688928793037,Green Chillies,33.7,2.6,478,Yes
SELL0182,Anil More,Pune,Hadapsar,18.49542727308465,73.94911368582065,Tomatoes,12.77,2.8,191,Yes
SELL0183,Amit Sawant,Pune,Kharadi,18.55460030627218,73.95646999741093,Onions,54.21,2.9,352,No
SELL0184,Ajay Bhosale,Pune,Baner,18.560652242606377,73.78769400893107,Garlic,58.03,2.6,184,No
SELL0185,Vijay Jadhav,Pune,Hadapsar,18.49659262623913,73.94994526604724,Garlic,11.41,2.6,297,Yes
SELL0186,Kiran Kulkarni,Pune,Shivajinagar,18.53206912379058,73.84876194519173,Tomatoes,55.37,4.8,42,Yes
SELL0187,Vijay Jadhav,Pune,Baner,18.55895878754895,73.78595195050706,Green Chillies,37.56,3.3,89,Yes
SELL0188,Amit Kamble,Pune,Kothrud,18.509563447643433,73.80941546597721,Onions,37.92,2.7,100,No
SELL0189,Santosh Kulkarni,Pune,Aundh,18.560494754346905,73.80836498856004,Onions,53.58,3.6,386,No
SELL0190,Anil Pawar,Pune,Swargate,18.502895143011784,73.85807003442406,Onions,13.15,2.9,465,Yes
SELL0191,Deepak Bhosale,Pune,Kothrud,18.507957617492302,73.80597417612208,Garlic,18.25,3.2,489,No
SELL0192,Amit Patil,Pune,Baner,18.557860304573563,73.78766647744746,Tomatoes,10.57,4.2,394,No
SELL0193,Rajesh Bhosale,Pune,Viman Nagar,18.569689156694764,73.91439907208952,Onions,58.71,3.6,54,Yes
SELL0194,Mahesh Bhosale,Pune,Koregaon Park,18.534286768711087,73.89420835713126,Ginger,48.2,3.7,220,No
SELL0195,Dinesh Chavan,Pune,Wakad,18.598838304970783,73.76276301699032,Onions,36.71,4.4,476,Yes
SELL0196,Dinesh Chavan,Pune,Hadapsar,18.497168501586334,73.94741479240741,Tomatoes,48.81,3.8,239,No
SELL0197,Santosh Sharma,Pune,Viman Nagar,18.5684882725305,73.91242896326585,Garlic,29.94,3.7,244,No
SELL0198,Prakash Sharma,Pune,Kothrud,18.50902003714456,73.80849509241456,Green Chillies,27.81,3.4,369,No
SELL0199,Ganesh Salunkhe,Pune,Kharadi,18.552773307634357,73.95452666560634,Onions,47.62,3.1,479,Yes
SELL0200,Ashok Kulkarni,Pune,Swargate,18.502950280262063,73.85867125319629,Onions,22.56,4.6,387,Yes
SELL0201,Mahesh Sharma,Pune,Kharadi,18.55177904050474,73.95487404940017,Green Chillies,50.55,2.9,234,Yes
SELL0202,Santosh Bhosale,Pune,Kothrud,18.51042396813613,73.80921426869948,Onions,20.32,4.8,43,Yes
SELL0203,Prakash Patil,Pune,Shivajinagar,18.530882398685407,73.84586304689506,Ginger,31.72,4.0,71,No
SELL0204,Ravi Sawant,Pune,Hadapsar,18.497018990711346,73.94834157160297,Green Chillies,18.56,4.1,493,No
SELL0205,Santosh Salunkhe,Pune,Swargate,18.503243268221887,73.85665761799935,Garlic,10.36,3.7,22,Yes
SELL0206,Santosh Naik,Pune,Wakad,18.59612802277515,73.76152510055226,Garlic,19.1,4.6,233,Yes
SELL0207,Kiran Rane,Pune,Baner,18.55977210743003,73.78732069836265,Tomatoes,21.94,3.1,179,No
SELL0208,Kiran Rane,Pune,Kharadi,18.553044943917,73.95403764760464,Tomatoes,47.8,4.7,51,Yes
SELL0209,Santosh Naik,Pune,Wakad,18.596178486780524,73.76142104062839,Garlic,56.44,3.0,234,Yes
SELL0210,Dinesh Sawant,Pune,Kothrud,18.511180482854684,73.80947038878402,Ginger,51.51,4.1,83,Yes
SELL0211,Vijay Gaikwad,Pune,Swargate,18.501819021526074,73.85979612508818,Onions,11.03,4.6,416,Yes
SELL0212,Nitin Gaikwad,Pune,Aundh,18.55803798493622,73.80765150781154,Tomatoes,15.92,3.2,61,No
SELL0213,Ramesh Gaikwad,Pune,Koregaon Park,18.53797026305499,73.89210158486033,Green Chillies,26.8,3.9,176,No
SELL0214,Prakash Shinde,Pune,Swargate,18.501066324993854,73.85970954403312,Garlic,51.15,4.0,267,No
SELL0215,Rajesh Pawar,Pune,Swargate,18.502581791405174,73.85990210699309,Green Chillies,31.79,2.8,6,Yes
SELL0216,Vijay Salunkhe,Pune,Hadapsar,18.498473366013478,73.94730392119625,Ginger,18.78,4.2,406,No
SELL0217,Ajay Sharma,Pune,Koregaon Park,18.537344513658567,73.89177166141761,Garlic,33.95,4.7,469,No
SELL0218,Sunil Yadav,Pune,Wakad,18.59832670605886,73.76149828486773,Onions,12.93,4.2,366,Yes
SELL0219,Shivam Chavan,Pune,Viman Nagar,18.566944720273423,73.91628300858405,Tomatoes,20.71,3.8,380,No
SELL0220,Deepak Jadhav,Pune,Kothrud,18.50954832275929,73.80880976066645,Ginger,47.07,4.8,441,No
SELL0221,Arvind Jadhav,Pune,Aundh,18.557695763208375,73.80646999301236,Tomatoes,13.25,3.3,181,Yes
SELL0222,Ramesh Sharma,Pune,Koregaon Park,18.53818934709586,73.89484843069796,Tomatoes,24.04,2.5,139,No
SELL0223,Deepak Naik,Pune,Kothrud,18.50826116335947,73.80699265819716,Tomatoes,20.6,4.0,433,Yes
SELL0224,Amit Kamble,Pune,Swargate,18.50178110621827,73.85931569192775,Ginger,30.91,3.3,26,No
SELL0225,Ravi Gaikwad,Pune,Kharadi,18.551574586855615,73.95408647815081,Onions,38.91,4.2,440,No
SELL0226,Anil Patil,Pune,Shivajinagar,18.530660062787412,73.84820430776877,Tomatoes,10.62,3.4,129,Yes
SELL0227,Ravi Rathod,Pune,Kothrud,18.50876277692792,73.8078723591207,Garlic,53.06,3.4,31,Yes
SELL0228,Santosh Joshi,Pune,Viman Nagar,18.56730136863623,73.91554896829531,Onions,21.23,2.8,106,No
SELL0229,Vijay Deshmukh,Pune,Aundh,18.557949094004616,73.80743680103762,Green Chillies,53.64,2.6,217,No
SELL0230,Rajesh Yadav,Pune,Viman Nagar,18.56737671033679,73.91231116360917,Onions,57.59,4.4,494,Yes
SELL0231,Kiran Sharma,Pune,Kharadi,18.551046494763888,73.95252456737417,Green Chillies,24.45,4.9,383,Yes
SELL0232,Suresh Gaikwad,Pune,Baner,18.558258088985827,73.78736225781883,Onions,11.48,3.2,149,Yes
SELL0233,Vijay Rane,Pune,Kharadi,18.552760950834944,73.9542859351053,Ginger,25.06,4.6,205,No
SELL0234,Deepak Chavan,Pune,Swargate,18.500269212228016,73.85758056382275,Ginger,47.56,4.3,91,Yes
SELL0235,Dinesh Chavan,Pune,Koregaon Park,18.536965259918524,73.89417031430686,Ginger,46.79,2.8,4,Yes
SELL0236,Suresh Rane,Pune,Swargate,18.501534839051505,73.85957956916647,Onions,11.45,4.8,469,Yes
SELL0237,Ajay Patil,Pune,Shivajinagar,18.530736904196036,73.84763640053689,Garlic,17.28,4.7,441,No
SELL0238,Kiran Joshi,Pune,Shivajinagar,18.52959087729107,73.84642571677713,Ginger,14.28,3.2,10,Yes
SELL0239,Mahesh Deshmukh,Pune,Koregaon Park,18.537065853331104,73.89195142370089,Tomatoes,38.51,3.5,427,No
SELL0240,Vijay Joshi,Pune,Baner,18.557584254353785,73.78662422034022,Potatoes,55.4,4.7,429,No
SELL0241,Kiran Sawant,Pune,Koregaon Park,18.53524562393516,73.89277450740462,Potatoes,36.36,5.0,376,Yes
SELL0242,Vijay Sharma,Pune,Shivajinagar,18.532079501252802,73.84852434268166,Onions,25.85,3.6,418,No
SELL0243,Ravi Rane,Pune,Baner,18.558591703788164,73.78774108989688,Garlic,35.26,3.7,77,Yes
SELL0244,Santosh Pawar,Pune,Kothrud,18.510750265149724,73.80890705956446,Potatoes,23.68,3.6,263,No
SELL0245,Dinesh Salunkhe,Pune,Aundh,18.560198639845233,73.80614714766706,Tomatoes,31.11,4.5,279,No
SELL0246,Arvind Thakur,Pune,Kothrud,18.507888467966822,73.80866389302858,Onions,53.43,3.5,283,No
SELL0247,Kiran Rathod,Pune,Shivajinagar,18.529137501084275,73.84621035014827,Garlic,11.32,4.6,386,Yes
SELL0248,Dinesh Deshmukh,Pune,Swargate,18.50107281712358,73.85734160105018,Onions,33.97,2.6,23,No
SELL0249,Ravi Yadav,Pune,Baner,18.557390172507855,73.78734878733972,Ginger,19.28,3.7,441,No
SELL0250,Suresh Joshi,Pune,Kothrud,18.510621414920394,73.80736267094055,Potatoes,44.43,3.7,447,No
SELL0251,Nitin Patil,Pune,Wakad,18.598481269075677,73.76363834123465,Green Chillies,40.86,3.6,496,No
SELL0252,Santosh Bhosale,Pune,Swargate,18.500327141496058,73.85924456994005,Onions,22.94,2.6,161,Yes
SELL0253,Rajesh Jadhav,Pune,Baner,18.56049433400479,73.7877609540997,Ginger,43.57,3.9,438,Yes
SELL0254,Sunil Shinde,Pune,Viman Nagar,18.56789896318839,73.91604987502426,Tomatoes,46.2,4.5,283,Yes
SELL0255,Arvind Rathod,Pune,Wakad,18.595552832370394,73.76501150369974,Green Chillies,46.07,5.0,406,Yes
SELL0256,Ravi Rathod,Pune,Hadapsar,18.49817980341179,73.94912185734871,Garlic,16.07,3.5,327,Yes
SELL0257,Arvind Chavan,Pune,Kharadi,18.550991981933336,73.95501345894898,Garlic,45.36,4.4,84,Yes
SELL0258,Nitin Kamble,Pune,Viman Nagar,18.569426815110045,73.9136641934966,Potatoes,31.22,2.5,140,No
SELL0259,Ravi Yadav,Pune,Swargate,18.50283604356263,73.85701703209631,Green Chillies,14.69,3.4,358,Yes
SELL0260,Ajay Rathod,Pune,Koregaon Park,18.537948696511684,73.89184055457916,Potatoes,39.67,2.6,97,No
SELL0261,Deepak Thakur,Pune,Hadapsar,18.49818752759635,73.94700824318264,Onions,23.62,4.8,390,Yes
SELL0262,Shivam Patil,Pune,Viman Nagar,18.566677601369936,73.91435860349577,Ginger,47.23,3.0,404,No
SELL0263,Ajay Salunkhe,Pune,Aundh,18.55752862034382,73.80911966010082,Onions,44.34,3.3,192,No
SELL0264,Mahesh Bhosale,Pune,Koregaon Park,18.535307332157856,73.89546826755802,Tomatoes,18.18,2.8,27,No
SELL0265,Dinesh Yadav,Pune,Hadapsar,18.498061993339817,73.94995695024305,Green Chillies,14.51,4.8,212,No
SELL0266,Santosh Jadhav,Pune,Viman Nagar,18.566189748889954,73.915626721585,Potatoes,18.47,3.6,499,Yes
SELL0267,Rajesh Rathod,Pune,Wakad,18.59725440227046,73.76288366385285,Green Chillies,17.9,3.3,356,No
SELL0268,Amit Gaikwad,Pune,Hadapsar,18.49562616684655,73.95009552968624,Garlic,19.92,4.3,483,No
SELL0269,Kiran Bhosale,Pune,Shivajinagar,18.53176041116502,73.84925977853528,Potatoes,32.45,2.5,186,No
SELL0270,Vijay Naik,Pune,Kharadi,18.553761771977214,73.9528742368177,Ginger,26.53,3.6,131,Yes
SELL0271,Santosh Kamble,Pune,Wakad,18.596069073018676,73.76165190980586,Potatoes,16.46,3.8,346,Yes
SELL0272,Mahesh Sharma,Pune,Hadapsar,18.4955793997083,73.94986794952223,Garlic,10.45,3.1,139,No
SELL0273,Deepak Jadhav,Pune,Swargate,18.500700388705862,73.8591417586078,Green Chillies,43.66,3.3,330,Yes
SELL0274,Anil Chavan,Pune,Viman Nagar,18.568234665716147,73.91345786739569,Green Chillies,49.75,3.4,272,No
SELL0275,Dinesh Gaikwad,Pune,Wakad,18.598586615737958,73.76212484570942,Green Chillies,33.27,4.3,470,No
SELL0276,Suresh Pawar,Pune,Kothrud,18.51122235170789,73.80646657111224,Green Chillies,11.03,4.2,85,No
SELL0277,Ajay Yadav,Pune,Shivajinagar,18.532429662286745,73.84880745366861,Onions,20.06,3.4,341,Yes
SELL0278,Nitin Sawant,Pune,Hadapsar,18.49528816908314,73.95026561928006,Green Chillies,24.16,3.2,196,No
SELL0279,Ajay Deshmukh,Pune,Aundh,18.558827126975263,73.8071877195021,Potatoes,40.59,4.9,134,Yes
SELL0280,Nitin Joshi,Pune,Viman Nagar,18.56898820970155,73.91595653675435,Onions,16.59,4.1,88,No
SELL0281,Ashok Bhosale,Pune,Kothrud,18.50956893189978,73.80676123311666,Green Chillies,36.12,3.9,460,Yes
SELL0282,Deepak Deshmukh,Pune,Swargate,18.502510730103925,73.85920453576342,Onions,57.38,3.7,433,No
SELL0283,Amit Naik,Pune,Wakad,18.59732524733051,73.76294636854053,Green Chillies,54.25,4.8,398,Yes
SELL0284,Mahesh Joshi,Pune,Viman Nagar,18.566002915252387,73.91470358904837,Tomatoes,43.76,3.7,181,No
SELL0285,Sunil Pawar,Pune,Hadapsar,18.498041158519342,73.94970745420636,Potatoes,10.61,4.1,157,No
SELL0286,Dinesh Joshi,Pune,Viman Nagar,18.569145225317392,73.91356990389964,Potatoes,35.56,3.4,75,No
SELL0287,Ganesh More,Pune,Kothrud,18.507368215229473,73.80807456140828,Garlic,29.43,2.9,163,Yes
SELL0288,Nitin Jadhav,Pune,Kothrud,18.509201730448634,73.8063258871643,Onions,58.99,2.8,147,No
SELL0289,Ajay Kamble,Pune,Baner,18.56080647307396,73.78788070695573,Ginger,38.68,2.9,489,No
SELL0290,Suresh Sawant,Pune,Swargate,18.503162895672425,73.85703792725121,Onions,59.87,4.8,462,Yes
SELL0291,Ganesh Sawant,Pune,Swargate,18.50224348737515,73.85862193491336,Tomatoes,18.95,5.0,344,No
SELL0292,Mahesh Gaikwad,Pune,Baner,18.55761923429652,73.78629125314764,Potatoes,14.14,2.9,204,No
SELL0293,Santosh Chavan,Pune,Baner,18.56089031838181,73.78799382842236,Onions,45.72,4.4,22,Yes
SELL0294,Kiran Pawar,Pune,Shivajinagar,18.53091208021195,73.84687544403529,Ginger,56.62,3.6,152,No
SELL0295,Nitin Naik,Pune,Baner,18.557577367633066,73.78523015576113,Onions,16.46,3.7,227,Yes
SELL0296,Sunil Thakur,Pune,Shivajinagar,18.52943564274538,73.84557825168983,Ginger,48.71,2.6,430,No
SELL0297,Ravi Deshmukh,Pune,Wakad,18.595972841695765,73.76336329337158,Onions,26.85,2.8,488,Yes
SELL0298,Ajay Salunkhe,Pune,Viman Nagar,18.5696947777626,73.91254348169828,Green Chillies,44.98,3.2,428,Yes
SELL0299,Ajay Joshi,Pune,Koregaon Park,18.538029176011037,73.89187659839119,Green Chillies,44.13,4.4,57,Yes
SELL0300,Anil Gaikwad,Pune,Viman Nagar,18.568056256602635,73.91493943978695,Green Chillies,36.12,3.1,49,No
SELL0301,Santosh Yadav,Pune,Viman Nagar,18.568175363403455,73.91363426444353,Tomatoes,40.56,3.8,365,No
SELL0302,Anil Yadav,Pune,Kothrud,18.51106075663583,73.80715181758463,Ginger,19.13,3.0,244,No
SELL0303,Ashok Naik,Pune,Viman Nagar,18.56756270595306,73.91583341480855,Tomatoes,55.99,2.8,343,No
SELL0304,Dinesh Deshmukh,Pune,Aundh,18.558867449298745,73.80744816071633,Green Chillies,14.19,3.5,459,Yes
SELL0305,Ramesh Patil,Pune,Swargate,18.50244373924391,73.85779312468055,Garlic,22.63,4.1,143,Yes
SELL0306,Anil Pawar,Pune,Kothrud,18.50920992890091,73.80692800084344,Green Chillies,11.57,4.6,99,Yes
SELL0307,Ganesh Patil,Pune,Koregaon Park,18.534745222686997,73.89237643120808,Garlic,23.18,3.2,459,No
SELL0308,Amit Gaikwad,Pune,Kharadi,18.551963718460225,73.95641553712508,Onions,38.09,4.5,274,Yes
SELL0309,Deepak Salunkhe,Pune,Swargate,18.50354969925716,73.85800302403162,Garlic,14.08,3.5,291,No
SELL0310,Anil Naik,Pune,Kharadi,18.551079250706717,73.95372540455504,Ginger,32.58,2.7,413,No
SELL0311,Deepak Sawant,Pune,Koregaon Park,18.536850852192053,73.89247796058811,Potatoes,32.48,3.7,265,No
SELL0312,Ajay Rathod,Pune,Hadapsar,18.494869300154008,73.94751248239108,Ginger,12.91,3.5,372,No
SELL0313,Kiran Joshi,Pune,Kothrud,18.509230368754793,73.80948789623363,Tomatoes,18.78,4.1,72,Yes
SELL0314,Anil Kamble,Pune,Baner,18.560842968356244,73.78614431587367,Potatoes,34.09,4.2,237,Yes
SELL0315,Ganesh Gaikwad,Pune,Baner,18.559611066406276,73.78486388977485,Onions,41.45,3.2,411,No
SELL0316,Ramesh Patil,Pune,Shivajinagar,18.532215945963106,73.84629306324501,Green Chillies,55.95,4.0,136,No
SELL0317,Prakash Bhosale,Pune,Kharadi,18.552139191965942,73.95484529835063,Potatoes,20.32,3.1,401,No
SELL0318,Arvind Sharma,Pune,Koregaon Park,18.53721714982244,73.89415589884398,Green Chillies,24.69,3.8,484,Yes
SELL0319,Shivam Shinde,Pune,Koregaon Park,18.53502816103222,73.8929876617414,Tomatoes,21.11,3.2,455,No
SELL0320,Vijay More,Pune,Aundh,18.556763882211033,73.80779032748347,Garlic,36.15,3.3,323,Yes
SELL0321,Ramesh Bhosale,Pune,Viman Nagar,18.56783546258426,73.91240707933555,Ginger,40.32,4.0,83,No
SELL0322,Arvind Jadhav,Pune,Swargate,18.50346236759834,73.85808625770103,Ginger,24.87,2.8,466,No
SELL0323,Arvind Shinde,Pune,Koregaon Park,18.535870334092536,73.89239386180638,Onions,40.45,3.7,233,Yes
SELL0324,Kiran Thakur,Pune,Kothrud,18.51085934094963,73.80696981014086,Ginger,45.58,4.2,257,No
SELL0325,Nitin Deshmukh,Pune,Swargate,18.50313760323572,73.8576235294777,Onions,42.24,4.0,268,No
SELL0326,Deepak Yadav,Pune,Shivajinagar,18.52912258653489,73.84809798869806,Green Chillies,56.97,4.4,468,No
SELL0327,Santosh Sharma,Pune,Kothrud,18.508166383265007,73.80776201215063,Tomatoes,36.89,4.2,495,Yes
SELL0328,Arvind Chavan,Pune,Aundh,18.55813801074863,73.80844039843143,Tomatoes,35.65,4.1,68,No
SELL0329,Shivam Rathod,Pune,Wakad,18.597528109895222,73.76398814302193,Ginger,41.77,4.3,105,Yes
SELL0330,Mahesh Bhosale,Pune,Kharadi,18.553013723718923,73.95306452589381,Onions,18.65,3.1,105,Yes
SELL0331,Dinesh Bhosale,Pune,Kothrud,18.50985654508928,73.80909054042722,Potatoes,48.83,4.2,89,No
SELL0332,Arvind Bhosale,Pune,Wakad,18.598166383347298,73.76187714589096,Onions,24.83,3.4,281,Yes
SELL0333,Prakash Jadhav,Pune,Kharadi,18.554128889028263,73.95353768115879,Tomatoes,27.14,4.5,334,Yes
SELL0334,Ajay Patil,Pune,Kothrud,18.508222123525794,73.80615301742608,Tomatoes,33.81,3.8,231,Yes
SELL0335,Suresh Bhosale,Pune,Hadapsar,18.495496812602827,73.95034960003139,Tomatoes,55.58,2.7,468,Yes
SELL0336,Ajay Sawant,Pune,Hadapsar,18.49667820057311,73.94860663664912,Green Chillies,49.15,4.1,496,Yes
SELL0337,Dinesh Rane,Pune,Kothrud,18.509207372033593,73.80694790846417,Onions,59.62,3.2,122,No
SELL0338,Santosh Chavan,Pune,Shivajinagar,18.53056560012522,73.84783715765535,Tomatoes,24.16,3.4,495,Yes
SELL0339,Anil Salunkhe,Pune,Hadapsar,18.494601141362,73.9481393944425,Potatoes,13.31,4.1,461,No
SELL0340,Ashok Rathod,Pune,Koregaon Park,18.53651067533141,73.89536170270073,Ginger,19.68,2.9,285,No
SELL0341,Ravi More,Pune,Aundh,18.55780654269176,73.80649957741333,Potatoes,52.97,4.7,352,No
SELL0342,Kiran Thakur,Pune,Koregaon Park,18.536071944289446,73.89349511660545,Garlic,17.0,4.0,409,Yes
SELL0343,Ganesh Pawar,Pune,Baner,18.559645880026398,73.78568529939294,Potatoes,38.59,3.4,440,Yes
SELL0344,Mahesh Pawar,Pune,Kharadi,18.55303024991974,73.95280278651511,Onions,22.57,4.2,229,No
SELL0345,Amit Yadav,Pune,Baner,18.55870186541764,73.78755886985174,Garlic,35.66,2.6,262,No
SELL0346,Amit Sharma,Pune,Koregaon Park,18.536743359764053,73.89414489549344,Potatoes,11.04,2.6,177,Yes
SELL0347,Santosh Sharma,Pune,Kothrud,18.509667191754854,73.80754234508694,Onions,40.81,2.5,463,No
SELL0348,Prakash Kulkarni,Pune,Aundh,18.55659950955749,73.80769133084034,Potatoes,41.99,3.0,322,No
SELL0349,Sunil Salunkhe,Pune,Aundh,18.55990190650573,73.80808768545711,Potatoes,45.09,2.8,428,Yes
SELL0350,Deepak Thakur,Pune,Viman Nagar,18.56960863030096,73.91572474702721,Potatoes,50.6,3.2,441,No
SELL0351,Nitin Sawant,Pune,Kharadi,18.552147543890957,73.95284295673551,Ginger,28.58,3.8,28,Yes
SELL0352,Prakash Sharma,Pune,Baner,18.560494542103072,73.78772613509109,Onions,16.34,2.7,267,No
SELL0353,Prakash Deshmukh,Pune,Wakad,18.595245044394908,73.76431147881476,Potatoes,24.11,4.4,88,Yes
SELL0354,Ganesh Naik,Pune,Aundh,18.559939012526172,73.80769592686117,Ginger,51.56,3.2,7,No
SELL0355,Ashok Rane,Pune,Swargate,18.50105265674642,73.85994956382476,Onions,51.27,2.5,354,Yes
SELL0356,Anil Sawant,Pune,Shivajinagar,18.530058760276287,73.84658990183105,Potatoes,41.38,4.6,443,No
SELL0357,Mahesh Sharma,Pune,Viman Nagar,18.56604943072937,73.9144461015153,Ginger,15.24,3.2,148,No
SELL0358,Nitin Yadav,Pune,Aundh,18.557001566601098,73.80946244467671,Green Chillies,24.93,3.6,125,Yes
SELL0359,Vijay Joshi,Pune,Aundh,18.560461771125105,73.80930550749231,Onions,10.05,4.4,345,Yes
SELL0360,Ashok More,Pune,Aundh,18.559264098594205,73.80687222343897,Potatoes,45.51,3.9,411,Yes
SELL0361,Sunil Deshmukh,Pune,Wakad,18.598608067302916,73.76474986164466,Potatoes,14.05,3.2,165,Yes
SELL0362,Dinesh Naik,Pune,Aundh,18.558240148815834,73.80686724989778,Green Chillies,41.13,2.8,322,No
SELL0363,Nitin Thakur,Pune,Koregaon Park,18.534528969361418,73.89385580131444,Garlic,43.59,3.5,209,Yes
SELL0364,Ganesh Salunkhe,Pune,Aundh,18.557800765762845,73.80604643905866,Ginger,30.6,4.1,23,Yes
SELL0365,Mahesh Salunkhe,Pune,Koregaon Park,18.53474147340838,73.8955204809404,Tomatoes,40.56,4.3,337,No
SELL0366,Mahesh Patil,Pune,Hadapsar,18.4961460490482,73.9508606482874,Onions,38.26,3.1,281,Yes
SELL0367,Nitin Bhosale,Pune,Aundh,18.56039427308171,73.80805961115367,Potatoes,37.59,4.8,439,No
SELL0368,Santosh Salunkhe,Pune,Baner,18.55874089284089,73.78764339150902,Tomatoes,33.53,2.5,135,Yes
SELL0369,Sunil Rane,Pune,Aundh,18.55933698657481,73.80896986613092,Onions,22.64,2.9,177,Yes
SELL0370,Shivam Jadhav,Pune,Shivajinagar,18.530669794102348,73.84670716797962,Green Chillies,11.2,3.1,413,No
SELL0371,Vijay Thakur,Pune,Viman Nagar,18.568125000295396,73.91591529220229,Green Chillies,32.64,3.2,239,No
SELL0372,Mahesh Sharma,Pune,Wakad,18.596525288146044,73.76375467885997,Garlic,22.19,3.6,142,Yes
SELL0373,Rajesh Joshi,Pune,Koregaon Park,18.53716295013001,73.89371159519457,Potatoes,26.3,4.7,371,No
SELL0374,Rajesh Patil,Pune,Swargate,18.502865078173745,73.85863670629652,Onions,42.48,2.7,322,Yes
SELL0375,Ganesh Patil,Pune,Hadapsar,18.496876012962094,73.94751156277604,Garlic,26.21,4.2,147,No
SELL0376,Rajesh Sawant,Pune,Kharadi,18.55198599889254,73.95525854529691,Garlic,45.18,4.7,445,No
SELL0377,Ajay Thakur,Pune,Koregaon Park,18.5354628412537,73.8920659686074,Ginger,43.19,3.6,423,No
SELL0378,Deepak Shinde,Pune,Aundh,18.556543276221824,73.80767339394245,Ginger,14.87,4.7,65,No
SELL0379,Sunil Sharma,Pune,Viman Nagar,18.567242868895175,73.91583209281886,Ginger,38.02,3.0,25,No
SELL0380,Vijay Deshmukh,Pune,Baner,18.55886354766118,73.78743402902313,Green Chillies,43.19,4.5,108,No
SELL0381,Suresh Sharma,Pune,Kothrud,18.507982319258257,73.80816449016137,Green Chillies,49.37,3.8,452,Yes
SELL0382,Kiran Gaikwad,Pune,Kothrud,18.508781110107865,73.80899185103632,Potatoes,54.47,3.7,176,Yes
SELL0383,Santosh Rane,Pune,Kothrud,18.510373704678962,73.80633675007817,Tomatoes,40.18,4.6,45,No
SELL0384,Dinesh Patil,Pune,Koregaon Park,18.535315249593683,73.89559513082243,Garlic,48.38,3.7,294,No
SELL0385,Suresh Rane,Pune,Aundh,18.55991310687398,73.80923529101491,Tomatoes,59.5,4.7,20,Yes
SELL0386,Nitin Jadhav,Pune,Koregaon Park,18.53694482303384,73.89443198527267,Tomatoes,33.21,5.0,225,Yes
SELL0387,Ganesh Deshmukh,Pune,Baner,18.557945036881264,73.78723401006992,Ginger,40.88,4.4,291,Yes
SELL0388,Arvind Sawant,Pune,Swargate,18.5011512915866,73.8601364588196,Green Chillies,58.45,2.8,440,No
SELL0389,Santosh Pawar,Pune,Baner,18.56040398135032,73.78472060727907,Tomatoes,59.0,3.0,21,Yes
SELL0390,Dinesh Shinde,Pune,Wakad,18.599141987537173,73.76326402133705,Potatoes,15.75,3.0,267,No
SELL0391,Ashok Naik,Pune,Shivajinagar,18.530275427584055,73.84596173660789,Ginger,26.47,4.0,241,Yes
SELL0392,Santosh Patil,Pune,Aundh,18.556741378521494,73.80794222739904,Onions,39.55,3.4,366,No
SELL0393,Ravi Chavan,Pune,Aundh,18.55727427427134,73.80819218122983,Onions,22.24,3.5,476,No
SELL0394,Arvind Pawar,Pune,Viman Nagar,18.566047174594367,73.91481272103891,Potatoes,56.47,3.3,255,Yes
SELL0395,Nitin Patil,Pune,Swargate,18.50373118328574,73.85740988193933,Tomatoes,25.05,2.6,73,No
SELL0396,Sunil Kamble,Pune,Baner,18.557540584777087,73.78419414081505,Onions,51.93,3.8,368,No
SELL0397,Ravi Rathod,Pune,Viman Nagar,18.56988358493462,73.91449218097648,Tomatoes,12.48,4.8,445,No
SELL0398,Anil Joshi,Pune,Baner,18.559992266423052,73.78777594004883,Tomatoes,43.96,2.6,216,Yes
SELL0399,Ramesh Gaikwad,Pune,Baner,18.559026513005843,73.78443841117135,Onions,37.13,3.0,420,Yes
SELL0400,Ravi Chavan,Pune,Kothrud,18.507361776367492,73.80703595502997,Onions,17.58,4.6,12,No
SELL0401,Nitin Yadav,Pune,Baner,18.55782144758287,73.78440375716603,Green Chillies,28.38,3.6,76,No
SELL0402,Suresh Sawant,Pune,Kothrud,18.50736158886974,73.80880261876155,Potatoes,59.46,2.5,333,No
SELL0403,Ashok Naik,Pune,Viman Nagar,18.569793194036414,73.91388364278997,Onions,56.82,2.8,134,No
SELL0404,Mahesh Shinde,Pune,Viman Nagar,18.566329050124082,73.91262632576475,Green Chillies,52.38,3.4,83,No
SELL0405,Ramesh Sharma,Pune,Koregaon Park,18.535536264433066,73.89161738174239,Tomatoes,36.9,3.9,412,No
SELL0406,Kiran Pawar,Pune,Kharadi,18.553315331377885,73.95492863350982,Potatoes,18.17,2.9,215,No
SELL0407,Ganesh More,Pune,Swargate,18.501700415190513,73.8581809194179,Onions,42.88,3.5,10,Yes
SELL0408,Ramesh Patil,Pune,Viman Nagar,18.567842476965783,73.9143222286489,Garlic,34.28,2.8,474,No
SELL0409,Sunil Yadav,Pune,Baner,18.557220744649307,73.78723305502967,Garlic,51.83,2.7,370,Yes
SELL0410,Ramesh Yadav,Pune,Baner,18.559554161020976,73.7848931037572,Onions,34.48,3.3,295,Yes
SELL0411,Amit Naik,Pune,Koregaon Park,18.53737531738321,73.89544336593103,Ginger,10.86,2.8,472,No
SELL0412,Arvind Kamble,Pune,Aundh,18.560459202658663,73.80608740733378,Onions,18.17,3.7,88,No
SELL0413,Ashok Deshmukh,Pune,Wakad,18.595872755234225,73.76311550977194,Ginger,29.12,4.6,23,No
SELL0414,Ganesh Kulkarni,Pune,Kothrud,18.508738195593974,73.8081235672994,Tomatoes,17.0,2.6,168,Yes
SELL0415,Amit Joshi,Pune,Hadapsar,18.496885539366804,73.95017280587021,Onions,51.6,4.0,30,No
SELL0416,Dinesh Joshi,Pune,Kothrud,18.50971357637589,73.80673102218017,Garlic,24.46,3.9,275,Yes
SELL0417,Suresh More,Pune,Viman Nagar,18.569521502504106,73.91328819880414,Ginger,39.07,4.6,485,No
SELL0418,Kiran Shinde,Pune,Kothrud,18.510425840325752,73.8084074724358,Green Chillies,21.49,3.8,109,No
SELL0419,Mahesh Sharma,Pune,Hadapsar,18.49528217906002,73.9499582469375,Tomatoes,46.69,4.7,83,Yes
SELL0420,Arvind Joshi,Pune,Hadapsar,18.496704325424133,73.94920235754621,Green Chillies,40.23,2.5,222,No
SELL0421,Prakash Salunkhe,Pune,Koregaon Park,18.53799463484053,73.89162571486112,Garlic,17.19,2.7,295,No
SELL0422,Vijay Naik,Pune,Hadapsar,18.496081460837797,73.95044972039992,Green Chillies,11.4,2.7,2,No
SELL0423,Suresh Gaikwad,Pune,Aundh,18.560135275736236,73.807901595819,Onions,11.53,3.4,65,Yes
SELL0424,Kiran Joshi,Pune,Hadapsar,18.496948309690946,73.94926264347346,Tomatoes,32.66,3.1,131,Yes
SELL0425,Ajay Salunkhe,Pune,Shivajinagar,18.530233509819205,73.8476687668948,Green Chillies,27.57,4.1,49,No
SELL0426,Arvind Bhosale,Pune,Swargate,18.502637949348546,73.85955344570318,Garlic,32.58,4.1,392,Yes
SELL0427,Deepak Chavan,Pune,Viman Nagar,18.56957393586554,73.91514036454927,Potatoes,23.13,3.5,250,No
SELL0428,Vijay Salunkhe,Pune,Aundh,18.556880198241796,73.8089179606304,Green Chillies,12.59,4.5,92,No
SELL0429,Ajay Pawar,Pune,Baner,18.557051208837272,73.78667056799881,Onions,33.9,3.3,386,No
SELL0430,Ashok Salunkhe,Pune,Shivajinagar,18.530024018965502,73.84744911582426,Onions,14.34,4.3,90,Yes
SELL0431,Ganesh Thakur,Pune,Koregaon Park,18.53552719247176,73.89274792632396,Garlic,10.89,3.2,448,Yes
SELL0432,Vijay Pawar,Pune,Kharadi,18.550921081498405,73.95608545709895,Onions,52.43,4.2,485,No
SELL0433,Ravi Kamble,Pune,Swargate,18.50138406231209,73.85784128022642,Green Chillies,11.27,4.2,418,Yes
SELL0434,Sunil Deshmukh,Pune,Hadapsar,18.496952383567155,73.94951902948448,Onions,53.21,2.9,371,Yes
SELL0435,Mahesh Kamble,Pune,Shivajinagar,18.531333532658703,73.84873073702516,Garlic,16.72,2.9,221,Yes
SELL0436,Amit Patil,Pune,Aundh,18.558214991741355,73.80712351567186,Garlic,11.64,3.9,377,No
SELL0437,Sunil Rane,Pune,Kothrud,18.509713677307413,73.80696242407151,Green Chillies,47.33,3.7,266,No
SELL0438,Arvind Deshmukh,Pune,Aundh,18.55714665205716,73.80666140717494,Onions,14.87,4.8,261,No
SELL0439,Vijay Patil,Pune,Koregaon Park,18.534728081813412,73.89447997910746,Onions,29.01,2.7,181,Yes
SELL0440,Ganesh Yadav,Pune,Koregaon Park,18.537093336260185,73.89338554477588,Garlic,45.05,3.9,495,No
SELL0441,Kiran Thakur,Pune,Baner,18.557830198617992,73.78763850635556,Green Chillies,48.57,5.0,469,No
SELL0442,Deepak Salunkhe,Pune,Viman Nagar,18.56812354714359,73.91402598322033,Onions,46.81,3.8,134,Yes
SELL0443,Santosh Chavan,Pune,Aundh,18.559119281660607,73.80860244125711,Potatoes,36.62,2.6,354,Yes
SELL0444,Vijay Shinde,Pune,Koregaon Park,18.53588096947099,73.89375628503959,Tomatoes,50.9,4.7,440,No
SELL0445,Ashok Salunkhe,Pune,Viman Nagar,18.568997485824838,73.91611903410715,Green Chillies,47.11,3.8,199,No
SELL0446,Rajesh Shinde,Pune,Baner,18.559549882992755,73.78788736069318,Onions,32.38,3.0,381,No
SELL0447,Nitin Gaikwad,Pune,Hadapsar,18.49465580303877,73.950473852546,Green Chillies,45.57,4.2,494,Yes
SELL0448,Nitin Kulkarni,Pune,Viman Nagar,18.56618499710475,73.91384939361558,Garlic,13.42,4.1,457,Yes
SELL0449,Arvind Jadhav,Pune,Baner,18.56079558835891,73.78628179490138,Garlic,47.2,2.7,65,Yes
SELL0450,Prakash Deshmukh,Pune,Baner,18.558030206959792,73.78621483134769,Onions,54.07,3.0,225,Yes
SELL0451,Ramesh Rathod,Pune,Swargate,18.50303350666158,73.85865151294385,Green Chillies,21.53,3.7,343,No
SELL0452,Sunil Deshmukh,Pune,Swargate,18.501456591022094,73.85701703123603,Onions,41.03,3.9,238,Yes
SELL0453,Amit Thakur,Pune,Shivajinagar,18.53224208803337,73.84790083317768,Garlic,31.9,3.2,58,Yes
SELL0454,Dinesh Bhosale,Pune,Baner,18.559314906074373,73.78755491191258,Ginger,53.32,4.1,378,No
SELL0455,Santosh Bhosale,Pune,Swargate,18.500917487069522,73.85754968865292,Ginger,45.25,3.1,148,Yes
SELL0456,Nitin Yadav,Pune,Kharadi,18.551212934025788,73.95453069024568,Garlic,27.12,4.9,479,No
SELL0457,Sunil Kulkarni,Pune,Wakad,18.595527957748978,73.76292522422031,Onions,43.86,4.7,180,Yes
SELL0458,Ashok Jadhav,Pune,Kharadi,18.55263016183585,73.95338560925192,Ginger,45.71,4.0,95,Yes
SELL0459,Kiran Jadhav,Pune,Baner,18.560377289748395,73.78767136462606,Tomatoes,54.51,4.3,480,No
SELL0460,Amit More,Pune,Baner,18.557172994017648,73.78613827954217,Tomatoes,13.09,4.1,322,Yes
SELL0461,Mahesh Rathod,Pune,Koregaon Park,18.535540064264605,73.89545989947601,Garlic,48.8,4.0,184,No
SELL0462,Ganesh Yadav,Pune,Kothrud,18.51109713478544,73.806666892296,Onions,29.22,3.8,280,No
SELL0463,Mahesh Chavan,Pune,Swargate,18.502813997739967,73.85958674514104,Potatoes,53.01,4.2,360,No
SELL0464,Mahesh Rane,Pune,Koregaon Park,18.537175883628954,73.8949812487229,Potatoes,46.31,3.4,295,Yes
SELL0465,Ajay Yadav,Pune,Kharadi,18.552470033307706,73.952852433492,Onions,51.29,3.5,248,Yes
SELL0466,Nitin Kulkarni,Pune,Kharadi,18.554679001858744,73.95287969812382,Ginger,44.3,4.8,358,No
SELL0467,Amit Kulkarni,Pune,Wakad,18.596360363693314,73.7621751661527,Potatoes,32.44,5.0,95,No
SELL0468,Deepak Jadhav,Pune,Kothrud,18.51105891194429,73.80880657057767,Green Chillies,48.79,3.9,443,Yes
SELL0469,Anil Kamble,Pune,Wakad,18.598455426838846,73.76529686882017,Green Chillies,42.76,4.1,240,No
SELL0470,Dinesh Patil,Pune,Aundh,18.560078105738373,73.80669641903951,Ginger,41.25,3.7,247,No
SELL0471,Nitin Deshmukh,Pune,Shivajinagar,18.529870157753752,73.84618348327282,Garlic,22.72,3.3,41,No
SELL0472,Vijay Rathod,Pune,Hadapsar,18.495765634618905,73.94752782410634,Green Chillies,32.3,4.7,379,Yes
SELL0473,Ashok Rathod,Pune,Shivajinagar,18.52921856074032,73.84933628555285,Ginger,29.49,3.8,399,No
SELL0474,Mahesh Gaikwad,Pune,Wakad,18.595991269906133,73.76212299668367,Potatoes,10.59,3.6,184,Yes
SELL0475,Suresh Gaikwad,Pune,Aundh,18.559600770172686,73.80661044123613,Ginger,44.51,4.3,227,Yes
SELL0476,Amit Yadav,Pune,Shivajinagar,18.530796811403036,73.84714731302465,Garlic,41.16,2.5,66,No
SELL0477,Prakash Sharma,Pune,Koregaon Park,18.534297903070826,73.89356008131868,Onions,39.29,2.8,370,Yes
SELL0478,Ramesh Sharma,Pune,Aundh,18.55933289927471,73.80579280464538,Tomatoes,29.1,3.8,107,No
SELL0479,Sunil Kamble,Pune,Kharadi,18.554673718258577,73.95437591455443,Potatoes,31.34,3.1,14,Yes
SELL0480,Suresh Sawant,Pune,Kothrud,18.50918342112019,73.80613414755823,Ginger,59.51,3.0,59,No
SELL0481,Prakash Gaikwad,Pune,Shivajinagar,18.532248362446193,73.84655046640057,Garlic,31.58,3.5,63,No
SELL0482,Prakash Chavan,Pune,Shivajinagar,18.532531522346844,73.84581837401916,Garlic,37.51,4.0,247,No
SELL0483,Deepak Pawar,Pune,Baner,18.557086532245428,73.78495815324885,Green Chillies,26.08,4.1,475,No
SELL0484,Deepak Kamble,Pune,Swargate,18.501564113123074,73.85772060229507,Garlic,24.7,4.6,124,No
SELL0485,Amit Gaikwad,Pune,Swargate,18.500625477629747,73.8584807586204,Green Chillies,18.47,4.0,23,No
SELL0486,Dinesh Sawant,Pune,Hadapsar,18.496672315128638,73.95046924972408,Ginger,59.56,4.5,168,No
SELL0487,Dinesh Yadav,Pune,Viman Nagar,18.56815411999789,73.91413506608818,Garlic,11.16,4.9,288,No
SELL0488,Amit Thakur,Pune,Koregaon Park,18.53773209771047,73.89273754644232,Tomatoes,10.91,3.9,70,Yes
SELL0489,Vijay Rathod,Pune,Swargate,18.49980956933602,73.85980192245059,Onions,55.99,2.5,201,No
SELL0490,Shivam Chavan,Pune,Swargate,18.50071540969092,73.8593270013223,Potatoes,58.08,4.2,392,No
SELL0491,Arvind Rane,Pune,Shivajinagar,18.532063849314984,73.84696895056439,Garlic,25.58,3.0,178,No
SELL0492,Mahesh Gaikwad,Pune,Kharadi,18.552419898619036,73.95254803415298,Ginger,38.9,3.9,20,No
SELL0493,Sunil Pawar,Pune,Kothrud,18.508496455654868,73.80574589026551,Potatoes,35.56,4.6,187,Yes
SELL0494,Ravi Chavan,Pune,Shivajinagar,18.529769522975307,73.84600379766192,Tomatoes,26.96,4.1,10,No
SELL0495,Nitin Patil,Pune,Kothrud,18.509487310005394,73.80616945066134,Green Chillies,39.71,3.8,188,No
SELL0496,Mahesh Rane,Pune,Hadapsar,18.496879246778978,73.94850889769165,Tomatoes,30.0,3.0,428,Yes
SELL0497,Sunil Sharma,Pune,Wakad,18.598629376677142,73.76288363257204,Onions,36.41,5.0,151,No
SELL0498,Vijay More,Pune,Viman Nagar,18.569686649514583,73.91602911712755,Tomatoes,45.74,3.4,217,Yes
SELL0499,Nitin Kamble,Pune,Viman Nagar,18.568592547370994,73.91316019901541,Tomatoes,14.86,3.8,214,No
SELL0500,Ganesh Chavan,Pune,Koregaon Park,18.53430728678843,73.89220939315209,Onions,57.4,3.3,73,Yes
SELL0501,Mahesh Kulkarni,Pune,Viman Nagar,18.56975316376388,73.9158207751911,Potatoes,59.0,2.7,79,Yes
SELL0502,Santosh Thakur,Pune,Kharadi,18.553583463203957,73.95556668984496,Green Chillies,18.66,3.9,499,No
SELL0503,Ramesh Pawar,Pune,Kharadi,18.553783806182437,73.95337598692545,Potatoes,14.66,4.2,257,No
SELL0504,Santosh Shinde,Pune,Aundh,18.558965643355297,73.80862321449015,Garlic,52.15,3.6,435,Yes
SELL0505,Amit Yadav,Pune,Viman Nagar,18.56786811290427,73.91559980795691,Onions,10.13,3.4,369,Yes
SELL0506,Kiran Chavan,Pune,Wakad,18.598828512237947,73.76153296621364,Potatoes,45.81,2.7,307,No
SELL0507,Anil Bhosale,Pune,Wakad,18.599045733967184,73.76136212690531,Green Chillies,45.79,3.9,273,No
SELL0508,Deepak Gaikwad,Pune,Wakad,18.596996485159288,73.76272935199631,Onions,51.49,3.5,135,No
SELL0509,Shivam Bhosale,Pune,Hadapsar,18.495740410842565,73.948996120855,Ginger,41.73,3.5,27,No
SELL0510,Anil Salunkhe,Pune,Aundh,18.56013753950207,73.80588811295995,Tomatoes,57.13,2.6,28,Yes
SELL0511,Mahesh Deshmukh,Pune,Shivajinagar,18.530872383470726,73.84573768464612,Tomatoes,34.42,3.5,370,No
SELL0512,Vijay Thakur,Pune,Shivajinagar,18.529601774283467,73.84695471959222,Ginger,13.7,2.6,244,Yes
SELL0513,Amit Pawar,Pune,Baner,18.559918751297086,73.78609077303999,Potatoes,14.4,4.1,241,No
SELL0514,Dinesh Thakur,Pune,Aundh,18.55655421801815,73.80869409227348,Potatoes,32.52,3.5,121,No
SELL0515,Sunil Sawant,Pune,Swargate,18.500852413588504,73.85748644806735,Green Chillies,56.26,2.8,499,Yes
SELL0516,Kiran Kulkarni,Pune,Kothrud,18.51002496295294,73.80632448072816,Tomatoes,19.73,4.8,269,Yes
SELL0517,Vijay Rathod,Pune,Hadapsar,18.49858326851108,73.949262501053,Tomatoes,20.48,2.8,3,No
SELL0518,Kiran More,Pune,Wakad,18.596939647930977,73.76518912651396,Tomatoes,30.27,2.7,204,No
SELL0519,Anil Gaikwad,Pune,Koregaon Park,18.5343940997099,73.89367458553635,Onions,22.67,2.5,261,Yes
SELL0520,Dinesh Sawant,Pune,Viman Nagar,18.5675430428751,73.91429992537009,Garlic,41.16,3.2,239,Yes
SELL0521,Prakash Gaikwad,Pune,Viman Nagar,18.567203359882324,73.91574060732039,Onions,18.06,4.7,134,No
SELL0522,Nitin Thakur,Pune,Koregaon Park,18.536330681450682,73.89517854979316,Onions,26.87,5.0,420,Yes
SELL0523,Kiran Patil,Pune,Koregaon Park,18.536253819806642,73.89314944612761,Tomatoes,12.6,2.9,211,Yes
SELL0524,Shivam Pawar,Pune,Koregaon Park,18.535480732352042,73.89386642256882,Onions,12.75,2.6,486,No
SELL0525,Vijay Joshi,Pune,Aundh,18.558151413599553,73.80792099428587,Green Chillies,35.09,4.8,191,Yes
SELL0526,Sunil Joshi,Pune,Swargate,18.50159750854801,73.85699445475868,Tomatoes,55.05,5.0,162,No
SELL0527,Dinesh Pawar,Pune,Viman Nagar,18.566464063642925,73.91410193074104,Onions,24.09,3.3,252,No
SELL0528,Ganesh Kamble,Pune,Kharadi,18.551792412028878,73.95573834888734,Garlic,28.24,4.3,422,Yes
SELL0529,Ravi Jadhav,Pune,Aundh,18.55799312972949,73.80684408200784,Tomatoes,21.37,4.9,296,No
SELL0530,Ravi Yadav,Pune,Koregaon Park,18.53661438850169,73.89193424069863,Green Chillies,21.15,2.9,22,No
SELL0531,Ganesh Pawar,Pune,Hadapsar,18.49781850443608,73.94701339886676,Ginger,42.53,4.2,402,Yes
SELL0532,Shivam Patil,Pune,Aundh,18.556798655015022,73.80842734413636,Ginger,20.37,2.5,265,Yes
SELL0533,Prakash Kamble,Pune,Viman Nagar,18.567564065558052,73.91521416087575,Potatoes,57.39,2.9,103,No
SELL0534,Amit Kamble,Pune,Kothrud,18.508142898131517,73.80613240683147,Ginger,40.02,3.2,50,Yes
SELL0535,Vijay Shinde,Pune,Swargate,18.502157936771553,73.8573864094663,Ginger,27.66,2.9,131,Yes
SELL0536,Nitin More,Pune,Kharadi,18.553552503763697,73.95435252767685,Tomatoes,58.08,2.7,387,No
SELL0537,Ajay Rathod,Pune,Viman Nagar,18.566924656789713,73.91404757562964,Onions,57.91,4.7,318,No
SELL0538,Kiran Chavan,Pune,Shivajinagar,18.532610063302368,73.84897750941208,Onions,56.02,4.7,134,No
SELL0539,Ajay Jadhav,Pune,Viman Nagar,18.56924560447449,73.91436739040232,Tomatoes,55.26,3.9,288,No
SELL0540,Santosh Thakur,Pune,Shivajinagar,18.532235809849297,73.84726532541252,Garlic,48.83,4.4,356,Yes
SELL0541,Sunil Joshi,Pune,Shivajinagar,18.53245995915468,73.84779262006522,Tomatoes,29.23,4.1,263,Yes
SELL0542,Suresh Kamble,Pune,Shivajinagar,18.53162637205416,73.8472125463819,Tomatoes,26.37,3.3,314,Yes
SELL0543,Ashok Kamble,Pune,Aundh,18.557426361016788,73.80798992863689,Green Chillies,25.21,4.1,73,Yes
SELL0544,Vijay Thakur,Pune,Baner,18.558451878613017,73.78574665471903,Garlic,13.5,3.3,239,Yes
SELL0545,Ganesh Jadhav,Pune,Kothrud,18.509565274241112,73.80839347351427,Potatoes,21.75,3.0,95,Yes
SELL0546,Dinesh Salunkhe,Pune,Koregaon Park,18.53812746555304,73.89164444113719,Green Chillies,34.21,4.0,298,No
SELL0547,Ganesh Patil,Pune,Viman Nagar,18.56908957892748,73.91334474413931,Garlic,46.96,4.5,431,No
SELL0548,Ravi Chavan,Pune,Viman Nagar,18.566252157577917,73.9153612358539,Garlic,23.06,4.6,320,No
SELL0549,Amit Thakur,Pune,Wakad,18.597952672274094,73.76349696077276,Ginger,23.4,2.7,433,No
SELL0550,Deepak Naik,Pune,Aundh,18.559336624594938,73.80744427342862,Onions,19.6,4.7,317,No
SELL0551,Vijay Deshmukh,Pune,Baner,18.55733128417547,73.7879653520529,Ginger,26.12,4.9,59,No
SELL0552,Arvind Thakur,Pune,Wakad,18.596296507576884,73.7649829546968,Onions,30.91,4.0,146,Yes
SELL0553,Ravi More,Pune,Shivajinagar,18.529439582914378,73.84785486539752,Tomatoes,14.72,4.8,205,Yes
SELL0554,Anil Yadav,Pune,Wakad,18.595817447150434,73.76310076904034,Potatoes,43.37,4.4,126,No
SELL0555,Shivam Rane,Pune,Kothrud,18.508236803528057,73.80602724267092,Tomatoes,15.91,3.1,84,Yes
SELL0556,Nitin Jadhav,Pune,Wakad,18.59646265199769,73.76335084991145,Green Chillies,10.89,3.7,406,No
SELL0557,Anil Patil,Pune,Kothrud,18.5081297455744,73.80730235992847,Garlic,30.97,3.6,152,Yes
SELL0558,Kiran Salunkhe,Pune,Shivajinagar,18.53274986157483,73.84607448609619,Tomatoes,46.23,4.3,77,No
SELL0559,Ramesh Chavan,Pune,Kothrud,18.50990710036129,73.80707201826515,Potatoes,35.38,4.6,497,No
SELL0560,Sunil Shinde,Pune,Shivajinagar,18.53054208336967,73.848754883984,Tomatoes,16.8,3.6,338,No
SELL0561,Amit Thakur,Pune,Koregaon Park,18.536714208606764,73.89498998050388,Ginger,44.85,4.7,458,No
SELL0562,Rajesh Rathod,Pune,Swargate,18.502260221835414,73.85711247538704,Tomatoes,49.87,4.3,191,No
SELL0563,Deepak Pawar,Pune,Koregaon Park,18.537294172444607,73.8929530990663,Garlic,34.15,4.9,102,Yes
SELL0564,Ravi Deshmukh,Pune,Swargate,18.50020701694553,73.85839022670352,Onions,37.29,3.6,16,No
SELL0565,Ajay Kamble,Pune,Aundh,18.560343890565573,73.80771313072222,Green Chillies,37.03,4.2,443,No
SELL0566,Ashok Sharma,Pune,Kharadi,18.553636864872733,73.95639526732853,Garlic,58.42,4.3,157,Yes
SELL0567,Prakash Patil,Pune,Viman Nagar,18.567989662232357,73.91626547492959,Onions,39.77,4.6,406,Yes
SELL0568,Vijay Shinde,Pune,Wakad,18.595939549872398,73.76325252378261,Onions,47.9,3.9,205,Yes
SELL0569,Sunil Naik,Pune,Wakad,18.59538200347543,73.76298863838025,Green Chillies,11.83,4.4,320,No
SELL0570,Rajesh Patil,Pune,Kharadi,18.55384576200839,73.95529594138786,Ginger,21.83,4.7,339,No
SELL0571,Anil Sawant,Pune,Kharadi,18.554757763008674,73.95317974059654,Green Chillies,44.63,5.0,394,No
SELL0572,Arvind Joshi,Pune,Kharadi,18.551011620070962,73.95603526711477,Potatoes,32.87,3.0,200,No
SELL0573,Nitin Deshmukh,Pune,Viman Nagar,18.566005008140106,73.913365676005,Tomatoes,34.7,4.9,263,Yes
SELL0574,Ramesh Patil,Pune,Koregaon Park,18.536353003861308,73.8944100337866,Green Chillies,44.8,3.7,186,Yes
SELL0575,Ramesh More,Pune,Swargate,18.503249678677097,73.85812453871782,Tomatoes,35.16,4.4,478,Yes
SELL0576,Ravi Thakur,Pune,Baner,18.557094346750834,73.7859425155415,Ginger,13.25,4.4,118,No
SELL0577,Kiran Bhosale,Pune,Shivajinagar,18.532033039297932,73.8486328659026,Green Chillies,24.5,4.2,92,No
SELL0578,Mahesh Rathod,Pune,Wakad,18.595361430809394,73.76514204865842,Tomatoes,25.15,4.3,152,Yes
SELL0579,Dinesh Thakur,Pune,Hadapsar,18.49592350613509,73.94997538294113,Ginger,29.15,4.8,307,No
SELL0580,Ganesh Chavan,Pune,Koregaon Park,18.534880651669763,73.89434703965463,Tomatoes,50.13,4.3,338,Yes
SELL0581,Anil Thakur,Pune,Kothrud,18.508976077818172,73.8096217906985,Potatoes,18.11,3.1,81,No
SELL0582,Ajay Gaikwad,Pune,Swargate,18.502205557559037,73.85859709583208,Garlic,17.98,3.8,64,Yes
SELL0583,Dinesh Joshi,Pune,Baner,18.56012404702645,73.78587480790257,Potatoes,21.82,3.1,43,Yes
SELL0584,Rajesh Thakur,Pune,Shivajinagar,18.53125745120981,73.84664956823752,Tomatoes,45.99,4.2,235,Yes
SELL0585,Suresh Pawar,Pune,Kothrud,18.507831457181503,73.80884119668451,Garlic,15.53,4.9,191,No
SELL0586,Vijay Naik,Pune,Aundh,18.559054832997518,73.80803704810208,Ginger,34.85,3.4,34,Yes
SELL0587,Ajay Sawant,Pune,Viman Nagar,18.56816550506088,73.91616905023113,Green Chillies,48.77,3.1,380,Yes
SELL0588,Kiran Bhosale,Pune,Viman Nagar,18.566429365388174,73.91400595678459,Green Chillies,35.48,4.8,268,No
SELL0589,Ganesh Salunkhe,Pune,Koregaon Park,18.537899282820792,73.89434337519712,Potatoes,43.73,4.8,313,Yes
SELL0590,Rajesh Kamble,Pune,Koregaon Park,18.53591570510946,73.89460195616391,Onions,51.67,3.2,484,Yes
SELL0591,Arvind Salunkhe,Pune,Swargate,18.500334175335137,73.85969042657221,Green Chillies,41.05,2.9,17,No
SELL0592,Ganesh Patil,Pune,Swargate,18.502649450435843,73.85959371840876,Garlic,29.7,4.8,85,No
SELL0593,Shivam Patil,Pune,Koregaon Park,18.537780180291005,73.89371975106947,Ginger,56.29,4.0,427,No
SELL0594,Ganesh Chavan,Pune,Wakad,18.596261493111076,73.76166133808081,Onions,25.41,2.6,398,No
SELL0595,Anil More,Pune,Baner,18.55877794428358,73.7849924355833,Garlic,46.79,2.7,461,Yes
SELL0596,Ravi Gaikwad,Pune,Wakad,18.5986642586062,73.76459948216493,Garlic,38.35,4.0,336,Yes
SELL0597,Ajay Sawant,Pune,Shivajinagar,18.531655202023067,73.84926111194427,Potatoes,38.89,3.3,93,No
SELL0598,Ashok Rathod,Pune,Swargate,18.50099032444249,73.8591737836791,Garlic,39.49,4.2,87,No
SELL0599,Vijay Sawant,Pune,Swargate,18.503468296161145,73.85661467348086,Potatoes,36.3,4.1,176,Yes
SELL0600,Ramesh Jadhav,Pune,Kharadi,18.55221447765305,73.9544050298881,Onions,59.45,4.0,396,No
SELL0601,Ravi Kamble,Pune,Hadapsar,18.495092426009755,73.94858080464138,Garlic,48.1,2.8,98,Yes
SELL0602,Amit Salunkhe,Pune,Viman Nagar,18.56792839168561,73.91461843964612,Ginger,50.63,4.6,330,Yes
SELL0603,Mahesh Yadav,Pune,Baner,18.558815475054434,73.78638816031695,Potatoes,19.63,3.0,63,Yes
SELL0604,Santosh Thakur,Pune,Aundh,18.55722259884868,73.8093920664572,Garlic,52.38,4.4,268,No
SELL0605,Rajesh Sharma,Pune,Hadapsar,18.496376226123356,73.94764695852363,Tomatoes,40.86,3.7,255,No
SELL0606,Kiran Thakur,Pune,Kharadi,18.552457433722918,73.95255955878861,Onions,53.33,3.5,36,No
SELL0607,Santosh Thakur,Pune,Swargate,18.500535783293998,73.85968909313762,Ginger,19.77,4.0,66,Yes
SELL0608,Shivam Bhosale,Pune,Wakad,18.59587224505041,73.76415744270403,Green Chillies,15.63,3.8,9,No
SELL0609,Kiran Yadav,Pune,Kharadi,18.553915152424636,73.95412457494508,Ginger,41.46,3.8,473,No
SELL0610,Amit Joshi,Pune,Baner,18.558472170387688,73.78629400142826,Onions,31.67,4.9,409,Yes
SELL0611,Anil Gaikwad,Pune,Hadapsar,18.495548055884807,73.94885413144058,Green Chillies,26.14,4.1,25,Yes
SELL0612,Santosh Rathod,Pune,Wakad,18.598604090128614,73.76283525268258,Onions,30.09,4.1,58,No
SELL0613,Sunil Shinde,Pune,Hadapsar,18.496922399890263,73.94805740355369,Ginger,46.53,4.3,41,No
SELL0614,Arvind Yadav,Pune,Viman Nagar,18.56669823112996,73.9144056282466,Green Chillies,12.46,4.0,290,Yes
SELL0615,Ramesh Naik,Pune,Aundh,18.55754269397865,73.80788730221143,Onions,24.16,2.9,409,No
SELL0616,Dinesh Chavan,Pune,Kharadi,18.554152905333996,73.95526062946632,Onions,25.46,2.8,94,No
SELL0617,Ravi Yadav,Pune,Swargate,18.502013706641204,73.85766286796341,Tomatoes,26.58,4.0,357,Yes
SELL0618,Arvind Chavan,Pune,Swargate,18.502316319243718,73.85894691845974,Garlic,43.13,3.3,106,No
SELL0619,Deepak More,Pune,Aundh,18.55819345002806,73.80861445137128,Tomatoes,14.4,3.2,274,Yes
SELL0620,Kiran Bhosale,Pune,Viman Nagar,18.56614239700457,73.91415957301419,Green Chillies,26.84,4.8,257,No
SELL0621,Santosh Naik,Pune,Baner,18.560881571773766,73.78588094177135,Green Chillies,55.9,3.5,100,Yes
SELL0622,Deepak Sharma,Pune,Baner,18.559011620817582,73.78449851107295,Tomatoes,11.09,3.3,129,No
SELL0623,Ramesh Yadav,Pune,Aundh,18.55871683223951,73.80879268050687,Onions,46.85,2.6,192,No
SELL0624,Ramesh Deshmukh,Pune,Baner,18.55938759326222,73.78742022254606,Onions,55.24,2.6,401,Yes
SELL0625,Amit More,Pune,Wakad,18.59684331891527,73.76184268011194,Ginger,40.98,2.6,232,Yes
SELL0626,Santosh More,Pune,Viman Nagar,18.567185314653834,73.91601175397838,Green Chillies,59.46,4.0,353,Yes
SELL0627,Shivam Thakur,Pune,Aundh,18.559176967395164,73.8070840148561,Green Chillies,32.07,4.9,421,No
SELL0628,Arvind Deshmukh,Pune,Baner,18.56036043353555,73.78509763159647,Potatoes,11.29,2.5,243,Yes
SELL0629,Kiran Deshmukh,Pune,Baner,18.560018310587537,73.78413926220976,Onions,32.77,5.0,264,No
SELL0630,Prakash Gaikwad,Pune,Swargate,18.502693154126895,73.86027982512528,Ginger,16.32,4.3,188,Yes
SELL0631,Amit Rathod,Pune,Koregaon Park,18.53667676770928,73.89170191587422,Potatoes,12.03,3.9,283,Yes
SELL0632,Amit Rane,Pune,Hadapsar,18.49602589777206,73.94738729210462,Onions,36.41,3.0,7,No
SELL0633,Arvind Rathod,Pune,Wakad,18.596274231751167,73.76424024963757,Tomatoes,54.3,3.5,422,No
SELL0634,Sunil Salunkhe,Pune,Baner,18.559376008177946,73.78408953522977,Green Chillies,45.9,4.6,40,Yes
SELL0635,Arvind Rathod,Pune,Kothrud,18.50866953463501,73.80771309625506,Onions,18.06,4.0,141,Yes
SELL0636,Nitin Sawant,Pune,Hadapsar,18.495382547937286,73.94998346763441,Garlic,54.15,4.3,299,No
SELL0637,Dinesh Chavan,Pune,Baner,18.559974973769275,73.78680623763337,Garlic,17.19,4.4,198,Yes
SELL0638,Prakash Kamble,Pune,Aundh,18.55755300761444,73.80860864650538,Tomatoes,30.37,3.9,165,No
SELL0639,Nitin Deshmukh,Pune,Baner,18.559036782630187,73.78475777740945,Potatoes,24.42,4.5,316,No
SELL0640,Santosh Sharma,Pune,Wakad,18.597381307455787,73.76520399140372,Green Chillies,17.55,4.6,210,No
SELL0641,Rajesh Salunkhe,Pune,Wakad,18.595736351436347,73.764945290587,Green Chillies,33.03,3.9,107,Yes
SELL0642,Ajay Rane,Pune,Wakad,18.596920948850986,73.7630537258904,Ginger,16.69,3.6,138,No
SELL0643,Anil Joshi,Pune,Koregaon Park,18.535104232137314,73.89369663349085,Tomatoes,26.67,4.0,56,Yes
SELL0644,Kiran Jadhav,Pune,Hadapsar,18.498012996960334,73.94865606568038,Garlic,31.72,4.2,373,No
SELL0645,Rajesh More,Pune,Shivajinagar,18.53196835842031,73.8478103571895,Potatoes,23.73,4.6,127,Yes
SELL0646,Ganesh Deshmukh,Pune,Kharadi,18.5523232043178,73.9544583381046,Onions,35.04,4.0,462,No
SELL0647,Rajesh Patil,Pune,Wakad,18.59693191995674,73.7625054933018,Onions,30.49,3.7,463,No
SELL0648,Arvind Kulkarni,Pune,Aundh,18.558558001424913,73.80808408167039,Ginger,12.93,4.7,72,Yes
SELL0649,Ramesh Thakur,Pune,Aundh,18.559822625864538,73.80607011534485,Ginger,37.71,2.5,200,Yes
SELL0650,Ravi Rathod,Pune,Wakad,18.59794213810981,73.76161043791629,Garlic,41.34,2.9,395,Yes
SELL0651,Rajesh Gaikwad,Pune,Koregaon Park,18.53623227620057,73.89324466682085,Green Chillies,10.07,4.0,185,No
SELL0652,Shivam Sawant,Pune,Aundh,18.55668537815503,73.80749334174718,Green Chillies,18.79,2.7,300,Yes
SELL0653,Dinesh Joshi,Pune,Shivajinagar,18.529583307187977,73.8494706773984,Garlic,52.64,3.5,349,No
SELL0654,Arvind Naik,Pune,Shivajinagar,18.529442720669298,73.8474750650198,Ginger,17.86,4.7,121,Yes
SELL0655,Kiran Kulkarni,Pune,Swargate,18.502603377270685,73.85899258871427,Ginger,23.36,3.8,420,Yes
SELL0656,Ashok Naik,Pune,Aundh,18.558322566408155,73.80796147576639,Onions,18.93,4.8,235,No
SELL0657,Mahesh Salunkhe,Pune,Viman Nagar,18.56748159807978,73.91284960335223,Garlic,42.81,3.7,286,Yes
SELL0658,Ashok Rane,Pune,Viman Nagar,18.567173390396512,73.91441327571569,Garlic,40.53,2.9,454,No
SELL0659,Vijay Chavan,Pune,Kothrud,18.50804637486328,73.80643024511274,Garlic,20.96,3.6,298,Yes
SELL0660,Vijay Rane,Pune,Koregaon Park,18.53682231377707,73.89339626688852,Garlic,56.97,4.3,282,Yes
SELL0661,Kiran Naik,Pune,Swargate,18.50285335602887,73.85977577978102,Ginger,22.01,3.5,340,Yes
SELL0662,Mahesh Shinde,Pune,Kharadi,18.551463696111533,73.95331732032155,Onions,31.75,4.7,140,Yes
SELL0663,Prakash Gaikwad,Pune,Kharadi,18.55174951366736,73.95567218909478,Potatoes,56.0,2.9,201,Yes
SELL0664,Nitin Gaikwad,Pune,Viman Nagar,18.568310590048288,73.91477124339232,Green Chillies,20.03,4.4,216,No
SELL0665,Sunil Thakur,Pune,Kharadi,18.551970208130257,73.95291053167419,Onions,37.15,4.4,138,No
SELL0666,Dinesh Shinde,Pune,Aundh,18.55682276090606,73.80750053131104,Tomatoes,15.34,4.0,493,Yes
SELL0667,Ajay Kulkarni,Pune,Aundh,18.55821321213079,73.80909547113869,Potatoes,42.61,4.9,104,Yes
SELL0668,Kiran Chavan,Pune,Wakad,18.597816294100454,73.76196947815625,Ginger,47.81,3.3,348,No
SELL0669,Santosh Jadhav,Pune,Koregaon Park,18.535015865799924,73.89383800729195,Green Chillies,43.44,2.5,42,Yes
SELL0670,Arvind Kulkarni,Pune,Baner,18.557516759875348,73.78454729417665,Garlic,28.09,2.7,39,Yes
SELL0671,Mahesh Deshmukh,Pune,Kharadi,18.55154519506,73.95476511034809,Tomatoes,53.33,3.1,406,No
SELL0672,Kiran Sharma,Pune,Kharadi,18.55181624558816,73.95367283056206,Onions,40.82,4.3,53,No
SELL0673,Nitin More,Pune,Wakad,18.598543377832716,73.7632790134092,Ginger,29.62,4.7,167,Yes
SELL0674,Anil Salunkhe,Pune,Viman Nagar,18.568146447552884,73.91445312939042,Onions,40.59,4.7,497,Yes
SELL0675,Nitin Sawant,Pune,Koregaon Park,18.537864989401275,73.89313906481432,Potatoes,10.42,4.3,497,No
SELL0676,Amit Rane,Pune,Aundh,18.55779523109589,73.80578643185147,Green Chillies,51.88,4.3,294,Yes
SELL0677,Ganesh Sawant,Pune,Kharadi,18.55289678951406,73.95422569645986,Tomatoes,42.27,4.0,496,Yes
SELL0678,Santosh Salunkhe,Pune,Swargate,18.500409797260854,73.85821553325623,Onions,21.03,3.8,407,No
SELL0679,Ravi Yadav,Pune,Shivajinagar,18.528859172972297,73.84680159973853,Garlic,54.79,4.1,92,No
SELL0680,Kiran Sharma,Pune,Koregaon Park,18.534773257891047,73.89205686460718,Green Chillies,19.56,3.2,90,Yes
SELL0681,Anil Yadav,Pune,Shivajinagar,18.53076479279132,73.84744200155605,Onions,22.48,4.0,500,No
SELL0682,Ramesh Thakur,Pune,Baner,18.557765597501422,73.78482858589656,Garlic,12.39,3.4,100,No
SELL0683,Kiran Jadhav,Pune,Wakad,18.595809119359163,73.76446840440245,Onions,37.22,3.5,291,No
SELL0684,Prakash More,Pune,Shivajinagar,18.528968883336667,73.84682463506412,Tomatoes,22.75,2.5,424,No
SELL0685,Mahesh Yadav,Pune,Koregaon Park,18.537431030158743,73.89346538718127,Tomatoes,17.86,4.4,25,No
SELL0686,Sunil More,Pune,Shivajinagar,18.531421590544348,73.84790853118993,Ginger,41.52,4.9,314,Yes
SELL0687,Santosh Rane,Pune,Aundh,18.55883250452808,73.80814089912019,Potatoes,11.31,3.0,10,Yes
SELL0688,Deepak More,Pune,Shivajinagar,18.529727005301147,73.84692205731231,Tomatoes,13.61,3.0,235,No
SELL0689,Santosh Chavan,Pune,Viman Nagar,18.56805398591827,73.91397366815423,Ginger,49.06,4.1,296,No
SELL0690,Nitin Sharma,Pune,Baner,18.55704954059286,73.78631173033229,Garlic,31.63,4.4,244,No
SELL0691,Vijay Pawar,Pune,Shivajinagar,18.529776966735817,73.84686106223212,Potatoes,53.97,3.8,193,No
SELL0692,Ganesh Gaikwad,Pune,Swargate,18.503314389682057,73.8581885790468,Onions,52.93,4.2,273,No
SELL0693,Ashok Chavan,Pune,Kothrud,18.507848589776945,73.80752536111096,Tomatoes,34.51,4.5,280,Yes
SELL0694,Rajesh Rane,Pune,Hadapsar,18.498332131967476,73.9504712211662,Green Chillies,48.66,4.7,257,No
SELL0695,Ashok Jadhav,Pune,Viman Nagar,18.566808453645653,73.91558502152185,Onions,13.03,3.6,246,No
SELL0696,Prakash Bhosale,Pune,Wakad,18.596914022230735,73.7636078819629,Potatoes,20.17,4.5,264,No
SELL0697,Nitin Kulkarni,Pune,Wakad,18.597486616981353,73.7613314756067,Garlic,55.2,2.8,297,No
SELL0698,Santosh Kulkarni,Pune,Viman Nagar,18.567938035094738,73.91408935696495,Onions,28.74,3.2,363,Yes
SELL0699,Sunil Kamble,Pune,Aundh,18.55866819002135,73.80850820547751,Tomatoes,57.2,4.3,292,Yes
SELL0700,Deepak Bhosale,Pune,Baner,18.557624881406678,73.78417507426973,Potatoes,38.6,3.8,97,No
SELL0701,Ajay Kulkarni,Pune,Kothrud,18.50998596453865,73.80866182944192,Garlic,33.42,4.2,148,No
SELL0702,Nitin Gaikwad,Pune,Kharadi,18.55400219942636,73.9541737470609,Garlic,25.13,2.7,445,No
SELL0703,Arvind Sawant,Pune,Aundh,18.558661660839768,73.808892311206,Ginger,53.04,3.6,353,No
SELL0704,Ganesh Rathod,Pune,Viman Nagar,18.566105480376574,73.91305884107015,Green Chillies,42.03,3.1,45,Yes
SELL0705,Shivam Kamble,Pune,Wakad,18.597895105840017,73.76434905310042,Onions,53.55,4.2,421,Yes
SELL0706,Anil Jadhav,Pune,Viman Nagar,18.56880967352921,73.91236475233045,Potatoes,15.12,3.9,95,No
SELL0707,Prakash Gaikwad,Pune,Baner,18.560863470360648,73.78532117157299,Potatoes,58.62,2.6,125,No
SELL0708,Ravi Kulkarni,Pune,Koregaon Park,18.53752476869663,73.89312101466635,Ginger,18.56,3.1,119,Yes
SELL0709,Ramesh Yadav,Pune,Shivajinagar,18.530662875006826,73.84570391578244,Potatoes,31.44,2.7,280,No
SELL0710,Santosh Bhosale,Pune,Aundh,18.55955575954672,73.80671457124474,Onions,13.98,4.0,493,No
SELL0711,Vijay Sawant,Pune,Viman Nagar,18.56953137496091,73.9148716610836,Garlic,30.57,4.6,196,Yes
SELL0712,Amit Thakur,Pune,Swargate,18.503344848220756,73.85839791896586,Tomatoes,29.21,4.2,362,Yes
SELL0713,Dinesh Jadhav,Pune,Swargate,18.50198172972683,73.86051386278136,Ginger,25.78,4.5,250,No
SELL0714,Sunil Chavan,Pune,Wakad,18.595999347602156,73.76213919721036,Tomatoes,28.04,3.8,226,No
SELL0715,Dinesh Gaikwad,Pune,Swargate,18.50126647162101,73.85891737968879,Onions,55.63,2.7,135,No
SELL0716,Ramesh Jadhav,Pune,Shivajinagar,18.53165736315149,73.84881287859201,Potatoes,12.66,4.0,131,No
SELL0717,Santosh Chavan,Pune,Shivajinagar,18.531377414100607,73.84903207008304,Onions,30.23,2.9,338,Yes
SELL0718,Rajesh Joshi,Pune,Kharadi,18.552110469730355,73.95407395537362,Potatoes,28.44,3.1,192,No
SELL0719,Ravi Gaikwad,Pune,Koregaon Park,18.534629883236448,73.89273166620455,Potatoes,24.95,4.2,14,No
SELL0720,Nitin More,Pune,Shivajinagar,18.531086058744272,73.84780062803944,Tomatoes,59.89,4.5,22,Yes
SELL0721,Santosh Shinde,Pune,Aundh,18.556944877421717,73.80910455461485,Green Chillies,59.17,3.9,342,Yes
SELL0722,Ganesh Sharma,Pune,Swargate,18.502669221835763,73.85914084848193,Tomatoes,15.89,2.8,212,Yes
SELL0723,Santosh Yadav,Pune,Shivajinagar,18.532043589939352,73.84678963585566,Ginger,18.98,4.2,493,Yes
SELL0724,Kiran Pawar,Pune,Wakad,18.596162000146126,73.76322202542877,Potatoes,40.7,3.0,114,No
SELL0725,Kiran Salunkhe,Pune,Aundh,18.55993352024873,73.80663806942209,Onions,58.89,3.6,74,No
SELL0726,Rajesh Yadav,Pune,Koregaon Park,18.534207414019882,73.89160509707162,Garlic,44.22,4.0,155,No
SELL0727,Kiran Kamble,Pune,Kothrud,18.508220667119605,73.80944965057816,Potatoes,50.57,4.6,188,Yes
SELL0728,Rajesh Kulkarni,Pune,Hadapsar,18.498246656785604,73.94825372425301,Garlic,23.7,3.6,368,No
SELL0729,Vijay Deshmukh,Pune,Shivajinagar,18.530160829690967,73.84564738625261,Garlic,21.29,3.8,242,No
SELL0730,Ramesh Sawant,Pune,Kothrud,18.511007308451003,73.80614602085414,Ginger,37.36,3.6,198,Yes
SELL0731,Vijay More,Pune,Hadapsar,18.49460049848472,73.94829250258363,Tomatoes,47.12,3.5,216,Yes
SELL0732,Ashok Gaikwad,Pune,Shivajinagar,18.530346986602822,73.8491617952436,Potatoes,15.37,3.7,332,Yes
SELL0733,Santosh Pawar,Pune,Shivajinagar,18.529848127250805,73.84683733117039,Green Chillies,53.2,3.6,85,Yes
SELL0734,Ajay Patil,Pune,Kharadi,18.55403717271912,73.95373324797902,Potatoes,27.91,4.8,423,No
SELL0735,Anil Sharma,Pune,Kharadi,18.552803212265516,73.95490821077239,Potatoes,53.84,3.6,419,Yes
SELL0736,Ganesh Jadhav,Pune,Kothrud,18.50771232782595,73.80758704006047,Tomatoes,44.22,3.2,28,Yes
SELL0737,Mahesh Sawant,Pune,Baner,18.557098522096197,73.78450073355214,Garlic,33.81,3.3,203,No
SELL0738,Mahesh Joshi,Pune,Baner,18.558642493975462,73.78711109993384,Tomatoes,54.16,3.1,390,No
SELL0739,Ganesh Bhosale,Pune,Koregaon Park,18.535073509272912,73.89352364339686,Potatoes,22.49,2.6,456,Yes
SELL0740,Nitin Rane,Pune,Swargate,18.5032953343596,73.85678938154533,Ginger,50.14,3.3,479,No
SELL0741,Deepak Sharma,Pune,Kothrud,18.5107901189511,73.8078280448403,Ginger,39.46,3.8,30,Yes
SELL0742,Rajesh Rane,Pune,Viman Nagar,18.567632206501,73.91543017826412,Green Chillies,29.6,5.0,54,No
SELL0743,Dinesh Chavan,Pune,Kharadi,18.554150759263614,73.95494637616244,Green Chillies,57.3,4.9,281,No
SELL0744,Amit Chavan,Pune,Hadapsar,18.495800711567128,73.9478260352972,Ginger,42.18,3.3,78,Yes
SELL0745,Suresh Gaikwad,Pune,Aundh,18.55992098166141,73.80682784307956,Onions,44.37,4.1,312,Yes
SELL0746,Anil Thakur,Pune,Baner,18.559305452036384,73.78722398716238,Garlic,43.63,3.9,480,Yes
SELL0747,Sunil Deshmukh,Pune,Aundh,18.557190585694748,73.80733007094622,Tomatoes,19.33,3.3,124,Yes
SELL0748,Vijay Yadav,Pune,Hadapsar,18.49510429218168,73.94916063084645,Ginger,57.61,3.0,129,No
SELL0749,Ramesh Shinde,Pune,Aundh,18.55956929419039,73.80787331428442,Tomatoes,37.13,3.9,0,No
SELL0750,Prakash Chavan,Pune,Kothrud,18.50932287057824,73.80616805471578,Potatoes,45.45,3.5,124,Yes
SELL0751,Ashok More,Pune,Kharadi,18.55311886220667,73.95474510549138,Onions,45.58,4.4,127,No
SELL0752,Ramesh More,Pune,Wakad,18.59537218443022,73.76161396410966,Green Chillies,55.63,4.6,81,Yes
SELL0753,Ramesh Gaikwad,Pune,Hadapsar,18.498513182998774,73.94974145515239,Ginger,24.83,4.9,161,Yes
SELL0754,Suresh Deshmukh,Pune,Shivajinagar,18.529995591347237,73.84886813101774,Garlic,29.57,3.3,38,Yes
SELL0755,Ganesh Sharma,Pune,Hadapsar,18.495445354064636,73.94771902730437,Garlic,47.39,5.0,179,Yes
SELL0756,Kiran Gaikwad,Pune,Koregaon Park,18.535097137383868,73.89536259269364,Tomatoes,47.91,3.5,430,Yes
SELL0757,Sunil Kamble,Pune,Wakad,18.59693375856162,73.76154375497222,Green Chillies,24.53,3.6,490,No
SELL0758,Anil Gaikwad,Pune,Baner,18.557700703755813,73.78448725210585,Onions,54.77,3.2,208,No
SELL0759,Ajay Kamble,Pune,Kothrud,18.50972576595196,73.80774496839163,Green Chillies,14.6,2.8,368,Yes
SELL0760,Vijay Thakur,Pune,Shivajinagar,18.530630631284982,73.84919565560845,Ginger,45.05,5.0,444,Yes
SELL0761,Kiran Jadhav,Pune,Kharadi,18.55387192573266,73.95630785629241,Garlic,33.28,3.0,179,Yes
SELL0762,Santosh Salunkhe,Pune,Koregaon Park,18.535458812053086,73.89282503625918,Green Chillies,45.55,3.6,303,No
SELL0763,Shivam Patil,Pune,Swargate,18.502318576840544,73.8579785509065,Ginger,50.74,2.9,13,No
SELL0764,Suresh Shinde,Pune,Kothrud,18.508544825276825,73.8072339610992,Tomatoes,29.7,2.7,67,Yes
SELL0765,Mahesh Rane,Pune,Viman Nagar,18.568362148283544,73.91385500157656,Onions,21.53,4.5,295,No
SELL0766,Ashok Shinde,Pune,Kothrud,18.511083385558873,73.80712760884894,Tomatoes,29.8,4.4,217,No
SELL0767,Ajay Shinde,Pune,Baner,18.55727456839788,73.7848749177434,Potatoes,20.36,3.3,24,No
SELL0768,Ramesh Rane,Pune,Hadapsar,18.49515256787841,73.94764679292658,Onions,54.33,3.1,41,Yes
SELL0769,Ganesh Kamble,Pune,Baner,18.560341923153157,73.78555680678808,Onions,41.94,4.4,249,No
SELL0770,Mahesh Chavan,Pune,Shivajinagar,18.53144063624208,73.84821588472177,Onions,54.51,3.7,203,Yes
SELL0771,Arvind Naik,Pune,Hadapsar,18.494609208850797,73.94739796353478,Tomatoes,18.91,3.9,219,Yes
SELL0772,Ramesh Naik,Pune,Kothrud,18.51004517392299,73.80869049372859,Garlic,40.23,2.9,62,No
SELL0773,Shivam Joshi,Pune,Baner,18.558461779807306,73.78516554016309,Tomatoes,35.41,4.3,452,Yes
SELL0774,Ravi Jadhav,Pune,Swargate,18.500767178564917,73.85931694725971,Tomatoes,57.29,2.8,26,No
SELL0775,Ravi Naik,Pune,Koregaon Park,18.538038372103987,73.89326686768027,Potatoes,48.51,2.9,427,No
SELL0776,Santosh Salunkhe,Pune,Kothrud,18.51032847463639,73.80653868058768,Onions,46.54,2.6,95,No
SELL0777,Ganesh Joshi,Pune,Shivajinagar,18.528903790460877,73.84656156555542,Tomatoes,12.52,3.6,251,Yes
SELL0778,Ramesh Joshi,Pune,Shivajinagar,18.531384669672324,73.84853334774634,Garlic,19.2,3.6,411,No
SELL0779,Nitin Kamble,Pune,Shivajinagar,18.532409889135618,73.8479281841663,Potatoes,24.81,4.6,6,No
SELL0780,Amit More,Pune,Kothrud,18.50938215062261,73.80713738359714,Tomatoes,26.5,4.9,150,No
SELL0781,Anil Yadav,Pune,Kothrud,18.509470241827,73.80790265947329,Ginger,48.19,3.7,220,Yes
SELL0782,Nitin Kamble,Pune,Wakad,18.598503409832677,73.76300289125854,Garlic,29.15,3.4,379,Yes
SELL0783,Kiran Kamble,Pune,Viman Nagar,18.566287120019933,73.91487377260698,Ginger,13.07,4.5,350,Yes
SELL0784,Arvind Rane,Pune,Swargate,18.503666202226793,73.85663139033248,Potatoes,24.12,3.7,152,Yes
SELL0785,Suresh Kulkarni,Pune,Aundh,18.556519039955923,73.8088295941442,Green Chillies,30.68,4.0,490,No
SELL0786,Santosh Rane,Pune,Koregaon Park,18.537727146494618,73.89328840594206,Onions,25.47,3.5,335,Yes
SELL0787,Ajay Salunkhe,Pune,Aundh,18.55830748730516,73.80914073023742,Potatoes,33.9,3.3,100,No
SELL0788,Dinesh Kulkarni,Pune,Viman Nagar,18.567729925624064,73.91251558338311,Tomatoes,11.65,3.3,390,Yes
SELL0789,Arvind Kulkarni,Pune,Kothrud,18.507364244185784,73.80664211835644,Potatoes,36.69,3.4,334,Yes
SELL0790,Vijay Chavan,Pune,Kothrud,18.509837188928124,73.80630304699417,Green Chillies,27.44,2.7,83,Yes
SELL0791,Ramesh Rathod,Pune,Aundh,18.55931324674263,73.80825921414684,Garlic,49.69,3.7,242,Yes
SELL0792,Ravi Thakur,Pune,Swargate,18.500129946218408,73.8578907254584,Onions,38.77,3.9,275,No
SELL0793,Santosh Rathod,Pune,Wakad,18.59648472864822,73.7619629317563,Garlic,34.14,4.1,307,No
SELL0794,Nitin Thakur,Pune,Swargate,18.503132874383933,73.860210945384,Garlic,33.64,4.5,319,No
SELL0795,Shivam Jadhav,Pune,Aundh,18.56023782458211,73.8081683175303,Onions,10.83,3.7,419,No
SELL0796,Mahesh Kulkarni,Pune,Swargate,18.50270934040414,73.85886357217177,Garlic,20.96,4.6,168,Yes
SELL0797,Mahesh Pawar,Pune,Viman Nagar,18.566785320778116,73.91296897778967,Tomatoes,51.64,4.7,376,Yes
SELL0798,Rajesh Shinde,Pune,Shivajinagar,18.53203256401355,73.84685150833782,Green Chillies,59.59,3.7,411,Yes
SELL0799,Kiran Chavan,Pune,Wakad,18.597341915548224,73.76374409845702,Ginger,14.43,4.8,322,Yes
SELL0800,Mahesh Sawant,Pune,Aundh,18.557067364360737,73.808445326557,Potatoes,20.28,4.8,158,Yes
SELL0801,Rajesh Thakur,Pune,Kothrud,18.507863591517708,73.80581398814734,Ginger,54.37,4.0,381,Yes
SELL0802,Ashok Kamble,Pune,Wakad,18.597155767872877,73.76236142237848,Tomatoes,56.47,4.1,138,Yes
SELL0803,Amit Sawant,Pune,Wakad,18.597045999909792,73.76345197581934,Onions,24.63,2.6,326,Yes
SELL0804,Prakash Jadhav,Pune,Hadapsar,18.49779292014839,73.94751784812813,Garlic,48.11,3.4,230,No
SELL0805,Shivam Sharma,Pune,Swargate,18.502579671577774,73.85839978785283,Green Chillies,41.04,2.5,6,Yes
SELL0806,Suresh Joshi,Pune,Baner,18.557616445308412,73.784718358466,Potatoes,57.76,4.3,122,No
SELL0807,Ashok Bhosale,Pune,Kharadi,18.550857225741566,73.95277296123699,Ginger,12.62,2.8,413,No
SELL0808,Shivam Shinde,Pune,Kharadi,18.550915191798307,73.9558627764034,Tomatoes,23.24,4.2,313,Yes
SELL0809,Sunil More,Pune,Swargate,18.500725406960356,73.85783650525254,Tomatoes,27.16,4.3,201,Yes
SELL0810,Dinesh Rane,Pune,Wakad,18.595781169798137,73.76374627117778,Onions,47.77,2.7,289,No
SELL0811,Ravi Naik,Pune,Hadapsar,18.495162367032243,73.94872551840204,Potatoes,23.21,3.4,325,Yes
SELL0812,Kiran Joshi,Pune,Kothrud,18.507858903948502,73.80591692105978,Potatoes,58.28,2.9,104,Yes
SELL0813,Vijay Gaikwad,Pune,Swargate,18.501225497015426,73.8585524806955,Tomatoes,12.04,3.6,231,No
SELL0814,Sunil Joshi,Pune,Aundh,18.56036231224595,73.80909815575573,Garlic,28.57,3.0,250,No
SELL0815,Ramesh Gaikwad,Pune,Baner,18.557191142876285,73.78641173680175,Garlic,47.43,2.7,13,Yes
SELL0816,Anil Kulkarni,Pune,Hadapsar,18.495500404054404,73.9495263715259,Garlic,16.8,2.8,157,Yes
SELL0817,Vijay Sawant,Pune,Shivajinagar,18.529015415552166,73.8477874333675,Ginger,52.78,3.1,133,No
SELL0818,Ajay Shinde,Pune,Koregaon Park,18.537517039951965,73.89251300934191,Ginger,11.45,4.9,320,No
SELL0819,Ajay Salunkhe,Pune,Aundh,18.558022331521578,73.80777729006213,Onions,44.55,4.5,172,Yes
SELL0820,Rajesh Pawar,Pune,Baner,18.56098222502964,73.78709723591429,Ginger,33.86,4.6,348,Yes
SELL0821,Deepak Yadav,Pune,Aundh,18.560011904904407,73.80805284580565,Ginger,26.95,3.9,349,No
SELL0822,Dinesh Chavan,Pune,Hadapsar,18.49627608006711,73.94979975447181,Tomatoes,29.73,2.8,266,Yes
SELL0823,Ashok Joshi,Pune,Koregaon Park,18.535068938384956,73.8949214192497,Ginger,49.79,4.1,320,Yes
SELL0824,Dinesh Jadhav,Pune,Hadapsar,18.495837235977724,73.94792032863852,Garlic,27.57,3.1,133,Yes
SELL0825,Ashok Naik,Pune,Viman Nagar,18.569362815914978,73.9131159642463,Onions,23.34,4.5,187,No
SELL0826,Ajay Rane,Pune,Shivajinagar,18.531100248521746,73.84797210157048,Potatoes,54.36,3.7,1,Yes
SELL0827,Ashok Deshmukh,Pune,Swargate,18.503436306071432,73.85895304699257,Potatoes,36.05,4.4,397,Yes
SELL0828,Rajesh Salunkhe,Pune,Wakad,18.595395001567837,73.76463469710217,Green Chillies,32.62,3.9,291,Yes
SELL0829,Rajesh Shinde,Pune,Shivajinagar,18.530846610378443,73.84717318834096,Garlic,41.45,2.9,341,Yes
SELL0830,Mahesh Pawar,Pune,Wakad,18.5957242883432,73.76496458121423,Ginger,34.26,2.9,337,Yes
SELL0831,Ashok Sharma,Pune,Aundh,18.558873485720632,73.80652768218125,Potatoes,57.76,2.9,409,No
SELL0832,Ganesh Deshmukh,Pune,Koregaon Park,18.537471220005973,73.8927480874975,Onions,17.37,3.0,245,Yes
SELL0833,Deepak Shinde,Pune,Viman Nagar,18.569718895606904,73.91280078576496,Ginger,21.84,4.1,390,No
SELL0834,Shivam Deshmukh,Pune,Kothrud,18.509966163373935,73.80674563061272,Onions,38.59,4.7,177,No
SELL0835,Kiran Salunkhe,Pune,Baner,18.559347688480877,73.7875375656236,Ginger,41.4,4.2,16,No
SELL0836,Ravi More,Pune,Viman Nagar,18.56653309263534,73.91268397885098,Onions,30.55,3.3,432,No
SELL0837,Anil Joshi,Pune,Aundh,18.55724120554565,73.8090728389283,Tomatoes,30.22,4.5,187,No
SELL0838,Ajay Kulkarni,Pune,Shivajinagar,18.532215574047953,73.8475605911309,Onions,44.29,3.3,45,No
SELL0839,Ashok Rane,Pune,Aundh,18.559330732143458,73.80878405769322,Green Chillies,58.29,3.8,292,Yes
SELL0840,Ashok Salunkhe,Pune,Swargate,18.502588768692284,73.85747663604798,Green Chillies,59.51,4.3,267,Yes
SELL0841,Ganesh Rathod,Pune,Baner,18.558799953454,73.78713334291199,Garlic,35.94,3.1,149,No
SELL0842,Mahesh Yadav,Pune,Kharadi,18.551225502626426,73.95465154373787,Onions,42.67,2.8,161,Yes
SELL0843,Deepak Jadhav,Pune,Shivajinagar,18.529964355034945,73.84910899948343,Green Chillies,22.29,3.0,462,No
SELL0844,Santosh Gaikwad,Pune,Koregaon Park,18.53520469747402,73.89340209728084,Ginger,47.41,4.7,477,No
SELL0845,Ravi Kulkarni,Pune,Shivajinagar,18.52965567494782,73.84730451240044,Green Chillies,15.15,3.2,198,No
SELL0846,Ramesh Rane,Pune,Swargate,18.499805062965848,73.8596669484105,Onions,26.53,4.2,130,No
SELL0847,Ramesh Kamble,Pune,Viman Nagar,18.56912882643032,73.91459404341116,Potatoes,19.14,3.7,321,Yes
SELL0848,Kiran Kulkarni,Pune,Kharadi,18.55453984325704,73.95377005101543,Tomatoes,54.6,4.3,465,Yes
SELL0849,Ajay Shinde,Pune,Wakad,18.595220610970323,73.76265462147741,Onions,41.8,4.3,396,No
SELL0850,Arvind Patil,Pune,Kothrud,18.51011873310164,73.80844339490754,Green Chillies,58.25,4.5,431,No
SELL0851,Shivam More,Pune,Shivajinagar,18.53082238104836,73.84728740655663,Garlic,40.62,3.5,343,No
SELL0852,Dinesh Joshi,Pune,Hadapsar,18.49502468036022,73.94913233572571,Tomatoes,58.83,4.3,181,Yes
SELL0853,Kiran Rathod,Pune,Koregaon Park,18.537959884655322,73.89176062483631,Onions,56.64,3.5,415,Yes
SELL0854,Ajay Gaikwad,Pune,Aundh,18.558856894004034,73.80752651258862,Tomatoes,45.49,2.6,372,No
SELL0855,Suresh Joshi,Pune,Koregaon Park,18.53664372020032,73.89471380369827,Tomatoes,18.22,3.9,423,No
SELL0856,Prakash Bhosale,Pune,Aundh,18.55725395445428,73.80613014693708,Tomatoes,33.71,4.5,452,Yes
SELL0857,Ajay Gaikwad,Pune,Kharadi,18.552700193017223,73.954178435965,Green Chillies,34.82,2.7,193,No
SELL0858,Vijay Salunkhe,Pune,Baner,18.559878757108663,73.78507961847735,Potatoes,46.37,4.6,46,No
SELL0859,Vijay Yadav,Pune,Koregaon Park,18.534229778713282,73.89267555201539,Ginger,44.95,4.4,66,Yes
SELL0860,Amit Deshmukh,Pune,Swargate,18.500383612910824,73.85691235934804,Green Chillies,31.59,3.7,285,No
SELL0861,Suresh Kulkarni,Pune,Shivajinagar,18.529193358385076,73.84905240157724,Tomatoes,43.09,3.1,325,Yes
SELL0862,Suresh Rathod,Pune,Aundh,18.557091083402344,73.8094569865843,Potatoes,27.39,4.4,472,No
SELL0863,Sunil Joshi,Pune,Koregaon Park,18.536567981083873,73.8922935394377,Green Chillies,20.62,4.1,389,No
SELL0864,Dinesh Deshmukh,Pune,Viman Nagar,18.56912472736917,73.91546849072267,Ginger,25.59,4.9,443,Yes
SELL0865,Vijay Yadav,Pune,Kharadi,18.551860198183377,73.9533659663287,Tomatoes,19.37,4.3,66,Yes
SELL0866,Ramesh More,Pune,Kothrud,18.509596699833228,73.80656718245967,Ginger,10.2,4.9,489,No
SELL0867,Nitin Yadav,Pune,Wakad,18.595456791631026,73.76261750583156,Tomatoes,39.93,3.8,59,No
SELL0868,Kiran More,Pune,Baner,18.56092620131203,73.78552190715861,Potatoes,31.91,4.8,126,No
SELL0869,Ashok Pawar,Pune,Koregaon Park,18.53720807426626,73.89335032278025,Garlic,49.25,5.0,374,No
SELL0870,Dinesh Rathod,Pune,Wakad,18.597397066989455,73.76466655104558,Tomatoes,44.25,2.7,82,Yes
SELL0871,Nitin Naik,Pune,Baner,18.558448559546004,73.78471066488726,Green Chillies,27.46,3.1,345,No
SELL0872,Santosh More,Pune,Kharadi,18.55394509696549,73.95444466663723,Ginger,21.93,3.7,332,Yes
SELL0873,Arvind Shinde,Pune,Kharadi,18.55436391485718,73.9537042127831,Onions,59.68,3.6,338,No
SELL0874,Rajesh Naik,Pune,Aundh,18.55901222248681,73.80845432516406,Onions,28.35,3.4,200,Yes
SELL0875,Deepak Kamble,Pune,Koregaon Park,18.535234497194285,73.89432509142185,Garlic,51.49,3.8,335,Yes
SELL0876,Mahesh Rane,Pune,Hadapsar,18.4947650958139,73.95081295594926,Tomatoes,57.33,4.0,105,Yes
SELL0877,Rajesh Naik,Pune,Viman Nagar,18.568737090591167,73.91617493907412,Onions,50.72,4.7,433,Yes
SELL0878,Ajay Kulkarni,Pune,Kharadi,18.55099758939642,73.95399934761261,Tomatoes,38.12,2.8,149,Yes
SELL0879,Amit Deshmukh,Pune,Shivajinagar,18.532547031506247,73.8474485930295,Tomatoes,17.02,2.8,306,No
SELL0880,Suresh Kulkarni,Pune,Viman Nagar,18.567421476806885,73.91455830069152,Potatoes,25.48,3.0,305,No
SELL0881,Anil Chavan,Pune,Kharadi,18.55179698427431,73.9534813468895,Garlic,35.59,2.6,198,No
SELL0882,Amit Gaikwad,Pune,Wakad,18.59623808053368,73.76512591086319,Green Chillies,26.76,3.8,21,Yes
SELL0883,Prakash Shinde,Pune,Koregaon Park,18.5378096013282,73.89244081817198,Garlic,20.86,4.3,339,No
SELL0884,Rajesh Joshi,Pune,Kharadi,18.55237717924251,73.9556311706695,Ginger,22.02,3.8,193,Yes
SELL0885,Ramesh Kulkarni,Pune,Swargate,18.502328862122003,73.86048943088095,Potatoes,20.19,4.3,71,No
SELL0886,Anil Jadhav,Pune,Swargate,18.499979262107065,73.86022136970604,Garlic,44.31,4.9,244,Yes
SELL0887,Shivam Salunkhe,Pune,Shivajinagar,18.53108508688089,73.84755493456038,Onions,49.27,2.6,232,Yes
SELL0888,Vijay Bhosale,Pune,Aundh,18.557414933054886,73.8060022107484,Tomatoes,46.28,3.2,120,Yes
SELL0889,Nitin Rane,Pune,Kharadi,18.551591450093024,73.95345817460533,Tomatoes,58.25,2.9,470,Yes
SELL0890,Rajesh Naik,Pune,Hadapsar,18.496702951015983,73.94715931995523,Garlic,19.3,4.0,470,No
SELL0891,Amit Thakur,Pune,Wakad,18.596278195659828,73.76197261463388,Tomatoes,41.74,4.6,324,Yes
SELL0892,Ashok Gaikwad,Pune,Hadapsar,18.496687305934216,73.95033601401015,Tomatoes,49.39,3.3,30,No
SELL0893,Anil Sawant,Pune,Viman Nagar,18.569775954827488,73.91495091910515,Tomatoes,14.93,3.8,124,No
SELL0894,Vijay Rane,Pune,Baner,18.558142750129416,73.78579973972455,Onions,12.0,3.9,219,Yes
SELL0895,Deepak Pawar,Pune,Wakad,18.598697251583193,73.76497192483828,Ginger,12.33,4.2,445,No
SELL0896,Ajay Pawar,Pune,Baner,18.559931313918998,73.78455683956719,Onions,59.84,4.5,176,Yes
SELL0897,Deepak Chavan,Pune,Viman Nagar,18.56683078668784,73.91262688757777,Green Chillies,21.38,3.3,335,No
SELL0898,Santosh Thakur,Pune,Viman Nagar,18.566752724155688,73.91408409143858,Onions,51.8,2.9,391,No
SELL0899,Deepak Bhosale,Pune,Kharadi,18.552607812669443,73.9546841869668,Onions,36.46,2.6,136,Yes
SELL0900,Prakash Kulkarni,Pune,Viman Nagar,18.56675603357856,73.91585834051085,Garlic,12.89,3.1,474,Yes
SELL0901,Ravi Deshmukh,Pune,Viman Nagar,18.56696700531851,73.91452592889266,Potatoes,54.22,3.1,336,No
SELL0902,Kiran Salunkhe,Pune,Kharadi,18.550977394460354,73.95538612672429,Onions,57.43,5.0,85,No
SELL0903,Sunil Chavan,Pune,Kharadi,18.554427898603908,73.95441677956123,Onions,34.17,4.2,488,No
SELL0904,Prakash Yadav,Pune,Wakad,18.595685340200372,73.76303979810143,Green Chillies,51.59,4.9,138,Yes
SELL0905,Suresh Salunkhe,Pune,Koregaon Park,18.536661086259024,73.89550533003631,Garlic,55.28,4.3,401,No
SELL0906,Rajesh Patil,Pune,Kharadi,18.551406187871738,73.9531713283582,Onions,21.89,3.0,42,Yes
SELL0907,Ramesh Jadhav,Pune,Koregaon Park,18.535689924353953,73.89294114266158,Ginger,18.06,3.5,272,Yes
SELL0908,Anil Rane,Pune,Swargate,18.500018572208695,73.85851365461127,Potatoes,11.6,5.0,469,Yes
SELL0909,Nitin Kulkarni,Pune,Kothrud,18.51046799475253,73.80626114982294,Green Chillies,23.78,3.8,359,Yes
SELL0910,Deepak Rathod,Pune,Kharadi,18.552731669833438,73.95443366176785,Potatoes,46.44,3.0,67,Yes
SELL0911,Kiran Bhosale,Pune,Hadapsar,18.495107760765126,73.94910696714001,Ginger,24.34,3.3,481,No
SELL0912,Ganesh Bhosale,Pune,Shivajinagar,18.52929199407139,73.84629341814824,Garlic,27.71,3.7,224,Yes
SELL0913,Ajay Deshmukh,Pune,Shivajinagar,18.532614145599606,73.84823060705955,Ginger,32.54,2.7,190,Yes
SELL0914,Kiran Rathod,Pune,Aundh,18.55763957432408,73.80946144392722,Green Chillies,30.79,4.1,196,No
SELL0915,Nitin Rathod,Pune,Aundh,18.559114785565146,73.80863444754446,Ginger,52.26,3.9,472,No
SELL0916,Nitin Bhosale,Pune,Kharadi,18.554772508998923,73.95309540801313,Onions,49.45,3.4,313,Yes
SELL0917,Arvind Salunkhe,Pune,Shivajinagar,18.52936661487375,73.8474401686651,Onions,44.31,4.7,407,Yes
SELL0918,Rajesh Sharma,Pune,Aundh,18.55895643735933,73.80668297775918,Ginger,12.55,3.4,380,No
SELL0919,Ganesh Joshi,Pune,Koregaon Park,18.5369184468599,73.89184606234699,Garlic,17.25,3.0,171,No
SELL0920,Ganesh Thakur,Pune,Shivajinagar,18.531660381213584,73.84948145860372,Potatoes,12.1,4.7,317,No
SELL0921,Anil Kamble,Pune,Viman Nagar,18.56699453236698,73.91544263324474,Green Chillies,43.94,3.6,421,No
SELL0922,Anil Deshmukh,Pune,Koregaon Park,18.53643817090535,73.89358816653744,Potatoes,30.59,4.6,425,Yes
SELL0923,Ramesh More,Pune,Hadapsar,18.496861298970032,73.94699578942765,Onions,15.3,3.0,248,No
SELL0924,Ravi Jadhav,Pune,Kothrud,18.510163389540217,73.8082431554077,Potatoes,43.2,3.1,371,No
SELL0925,Sunil Shinde,Pune,Hadapsar,18.496285169379437,73.94851562634663,Ginger,29.17,4.3,26,No
SELL0926,Amit Sharma,Pune,Hadapsar,18.49838287072697,73.948317031751,Tomatoes,26.65,2.5,440,Yes
SELL0927,Prakash Thakur,Pune,Swargate,18.502923622355347,73.8605927939315,Onions,19.54,4.6,477,No
SELL0928,Deepak Gaikwad,Pune,Kharadi,18.552864096750863,73.95428337734552,Garlic,33.64,4.1,392,Yes
SELL0929,Amit Chavan,Pune,Hadapsar,18.495194879694562,73.94966356095814,Onions,49.64,2.8,103,Yes
SELL0930,Ganesh Naik,Pune,Koregaon Park,18.536448954085813,73.89513123670716,Tomatoes,57.15,4.6,174,Yes
SELL0931,Arvind Jadhav,Pune,Koregaon Park,18.534610512967394,73.89490707549417,Potatoes,15.95,4.0,41,Yes
SELL0932,Santosh Sharma,Pune,Viman Nagar,18.567010974981173,73.91503787708473,Green Chillies,51.94,3.2,375,No
SELL0933,Ravi Naik,Pune,Baner,18.55993103131248,73.78673756730542,Garlic,27.71,2.5,70,No
SELL0934,Vijay Deshmukh,Pune,Kothrud,18.508430538072897,73.80802373613736,Potatoes,44.29,4.3,288,Yes
SELL0935,Santosh Joshi,Pune,Aundh,18.559523234436455,73.80855172065644,Onions,17.23,3.6,185,No
SELL0936,Kiran Naik,Pune,Shivajinagar,18.531125538221463,73.84930303004268,Onions,46.76,3.3,340,Yes
SELL0937,Ashok Kamble,Pune,Koregaon Park,18.535845592334685,73.89400269848461,Garlic,49.57,2.5,330,Yes
SELL0938,Amit Sharma,Pune,Swargate,18.500208482138273,73.85957706783245,Tomatoes,56.09,4.1,477,Yes
SELL0939,Vijay Rane,Pune,Swargate,18.5032546845383,73.85718544689117,Tomatoes,41.6,3.0,176,No
SELL0940,Rajesh Pawar,Pune,Hadapsar,18.4970203074696,73.95008748488804,Garlic,57.02,2.6,16,No
SELL0941,Dinesh Kulkarni,Pune,Kothrud,18.50753038538591,73.80810774171232,Green Chillies,54.81,5.0,324,No
SELL0942,Ajay Pawar,Pune,Koregaon Park,18.535858387285398,73.89440033589896,Onions,54.93,5.0,482,Yes
SELL0943,Ganesh Sawant,Pune,Wakad,18.598040058860434,73.7634064997921,Tomatoes,12.67,4.6,338,Yes
SELL0944,Arvind Rane,Pune,Kothrud,18.5082199239167,73.80762158178061,Onions,42.38,4.6,339,Yes
SELL0945,Arvind Jadhav,Pune,Wakad,18.598161164951573,73.7627364056656,Onions,57.16,4.4,285,No
SELL0946,Suresh Naik,Pune,Viman Nagar,18.56609825615623,73.91233580062273,Onions,59.79,3.6,227,Yes
SELL0947,Dinesh Yadav,Pune,Aundh,18.560417252696766,73.80844837244118,Ginger,28.7,4.2,71,Yes
SELL0948,Dinesh Kamble,Pune,Koregaon Park,18.53645533527538,73.89425351733263,Potatoes,59.47,3.2,409,No
SELL0949,Ashok Sawant,Pune,Viman Nagar,18.567723841985114,73.91242388773505,Onions,12.74,4.4,457,No
SELL0950,Deepak Gaikwad,Pune,Swargate,18.502940368728968,73.85864474129866,Tomatoes,29.03,2.5,361,No
SELL0951,Mahesh Thakur,Pune,Kothrud,18.510317650543865,73.80717207189355,Onions,39.77,4.0,126,Yes
SELL0952,Anil Patil,Pune,Wakad,18.59670443998848,73.76494887027141,Tomatoes,23.06,3.9,216,No
SELL0953,Sunil Shinde,Pune,Koregaon Park,18.5343863993736,73.89363148870682,Potatoes,46.32,3.1,219,Yes
SELL0954,Prakash Joshi,Pune,Wakad,18.598329745380582,73.76326296240055,Green Chillies,22.74,4.4,264,No
SELL0955,Arvind Salunkhe,Pune,Viman Nagar,18.56740110786849,73.91512630293336,Garlic,55.52,4.3,430,No
SELL0956,Anil Rathod,Pune,Swargate,18.50306378033807,73.85976902262873,Potatoes,29.75,3.2,434,Yes
SELL0957,Ravi Bhosale,Pune,Swargate,18.503669169727953,73.85857832283304,Garlic,39.76,3.1,368,No
SELL0958,Suresh Joshi,Pune,Viman Nagar,18.568600727552774,73.91344629178026,Tomatoes,38.51,3.6,107,Yes
SELL0959,Ravi Pawar,Pune,Kharadi,18.553919837826836,73.95358584316025,Onions,29.98,4.7,309,Yes
SELL0960,Suresh Pawar,Pune,Aundh,18.55835081652543,73.80747975637458,Onions,30.58,3.6,310,No
SELL0961,Suresh Thakur,Pune,Shivajinagar,18.529254095239594,73.84710000773536,Tomatoes,45.32,3.4,453,No
SELL0962,Sunil Shinde,Pune,Koregaon Park,18.534299141517685,73.89356846414087,Tomatoes,48.53,3.7,239,Yes
SELL0963,Vijay Naik,Pune,Shivajinagar,18.53183110380454,73.84734173688996,Onions,38.68,3.9,82,Yes
SELL0964,Anil Thakur,Pune,Swargate,18.5020576543185,73.85685861569814,Green Chillies,19.16,2.9,423,Yes
SELL0965,Sunil Pawar,Pune,Koregaon Park,18.5360244964156,73.89556439713937,Tomatoes,58.23,4.7,445,No
SELL0966,Dinesh Yadav,Pune,Baner,18.55750215182821,73.78416769410781,Ginger,54.37,4.6,94,No
SELL0967,Santosh Sawant,Pune,Kharadi,18.55184057880812,73.95519611883263,Potatoes,33.52,2.8,448,No
SELL0968,Vijay Thakur,Pune,Swargate,18.501303520931994,73.85723542438134,Ginger,30.69,4.1,73,No
SELL0969,Deepak Bhosale,Pune,Kothrud,18.508731611751696,73.80694504390469,Ginger,45.67,4.4,112,No
SELL0970,Rajesh Salunkhe,Pune,Kothrud,18.51007707290109,73.80951088303462,Tomatoes,33.59,4.6,312,No
SELL0971,Santosh Jadhav,Pune,Koregaon Park,18.53623683978063,73.89463933472346,Potatoes,52.11,2.6,370,No
SELL0972,Ganesh Bhosale,Pune,Hadapsar,18.495524239936504,73.94714940593786,Onions,15.3,4.4,249,Yes
SELL0973,Ganesh Thakur,Pune,Kothrud,18.507787900292424,73.8064366103193,Potatoes,20.03,2.8,107,Yes
SELL0974,Santosh Kulkarni,Pune,Kharadi,18.55120889667747,73.95341832076325,Ginger,54.26,3.6,11,No
SELL0975,Ramesh More,Pune,Viman Nagar,18.568636826427745,73.91298887590713,Potatoes,42.76,2.6,350,No
SELL0976,Anil Thakur,Pune,Aundh,18.556920364569475,73.80714226751991,Garlic,42.52,4.5,368,No
SELL0977,Arvind Bhosale,Pune,Aundh,18.559340074437014,73.80853423128184,Tomatoes,52.28,3.2,41,No
SELL0978,Arvind Bhosale,Pune,Shivajinagar,18.53106290172914,73.8481998870744,Potatoes,31.33,3.2,153,No
SELL0979,Prakash Deshmukh,Pune,Kothrud,18.50920947098498,73.80737432290711,Garlic,16.58,2.5,146,Yes
SELL0980,Ajay More,Pune,Viman Nagar,18.56891772520353,73.91421953300824,Garlic,54.43,3.6,393,No
SELL0981,Ashok Gaikwad,Pune,Baner,18.560268621037135,73.78626324111801,Ginger,47.85,4.0,176,Yes
SELL0982,Mahesh Naik,Pune,Koregaon Park,18.535646942838444,73.89333047282452,Ginger,59.81,4.8,37,Yes
SELL0983,Shivam Kamble,Pune,Swargate,18.50108025278121,73.85673464852465,Ginger,43.78,3.4,183,No
SELL0984,Deepak Patil,Pune,Kothrud,18.51078578422359,73.80828730541825,Onions,13.84,3.7,269,No
SELL0985,Anil More,Pune,Wakad,18.59619007494154,73.76351021055459,Tomatoes,14.38,4.3,466,No
SELL0986,Ravi Kamble,Pune,Koregaon Park,18.537781729038592,73.89230840614965,Garlic,36.62,4.3,469,No
SELL0987,Ganesh Chavan,Pune,Swargate,18.500870612536993,73.85888685231039,Green Chillies,35.86,3.3,61,No
SELL0988,Ganesh Yadav,Pune,Viman Nagar,18.567158267879545,73.91576610977454,Garlic,52.19,3.6,197,No
SELL0989,Mahesh Sharma,Pune,Aundh,18.55886622164011,73.80931440369048,Potatoes,20.69,2.9,127,Yes
SELL0990,Arvind Deshmukh,Pune,Kothrud,18.509808054156753,73.80699055969394,Potatoes,36.31,4.1,284,Yes
SELL0991,Deepak Bhosale,Pune,Koregaon Park,18.536044172642885,73.89477765393873,Ginger,37.55,3.1,462,No
SELL0992,Santosh Thakur,Pune,Hadapsar,18.49701835722958,73.95023091861641,Garlic,18.69,4.6,79,No
SELL0993,Ganesh Chavan,Pune,Viman Nagar,18.569774934996474,73.91421096577814,Onions,34.17,4.5,363,No
SELL0994,Deepak Jadhav,Pune,Aundh,18.556593265703327,73.80800630702547,Ginger,29.31,4.2,395,No
SELL0995,Ravi Patil,Pune,Hadapsar,18.496706441467786,73.94719347064566,Ginger,47.02,2.6,91,Yes
SELL0996,Dinesh Naik,Pune,Shivajinagar,18.530940987496443,73.84576240529844,Ginger,40.86,4.6,498,No
SELL0997,Sunil Kulkarni,Pune,Baner,18.558061712055622,73.78642664551595,Garlic,57.09,4.9,379,No
SELL0998,Santosh Patil,Pune,Wakad,18.595611806701825,73.76210595038438,Onions,36.48,4.4,191,Yes
SELL0999,Amit Patil,Pune,Koregaon Park,18.536207095928745,73.89482437159376,Potatoes,16.67,4.9,13,Yes
SELL1000,Arvind Yadav,Pune,Hadapsar,18.497245235699644,73.94764598944066,Ginger,29.92,3.1,337,No
